id,position,light.treatment,exclude,date.birth,date.last.repro,offspring.attached.at.death,Mar.24.2023,Mar.25.2023,Mar.26.2023,Mar.27.2023,Mar.28.2023,Mar.29.2023,Mar.30.2023,Mar.31.2023,Apr.01.2023,Apr.02.2023,Apr.03.2023,Apr.04.2023,Apr.05.2023,Apr.06.2023,Apr.07.2023,Apr.08.2023,Apr.09.2023,Apr.10.2023,Apr.11.2023,Apr.12.2023,Apr.13.2023,Apr.14.2023,Apr.15.2023,Apr.16.2023,Apr.17.2023,Apr.18.2023,Apr.19.2023,Apr.20.2023,Apr.21.2023,Apr.22.2023,Apr.23.2023,Apr.24.2023,Apr.25.2023,Apr.26.2023,Apr.27.2023,Apr.28.2023,Apr.29.2023,Apr.30.2023,May.01.2023,May.02.2023,May.03.2023,May.04.2023,May.05.2023,May.06.2023,May.07.2023,May.08.2023,May.09.2023,May.10.2023,May.11.2023,May.12.2023,May.13.2023,May.14.2023,May.15.2023,May.16.2023,May.17.2023,May.18.2023,May.19.2023,May.20.2023,May.21.2023,May.22.2023,May.23.2023,May.24.2023,May.25.2023,May.26.2023,May.27.2023,May.28.2023,May.29.2023,May.30.2023,May.31.2023,Jun.01.2023
4_003,111,4,No,Mar.29.2023,Apr.27.2023,No,NA,NA,NA,NA,NA,0,0,0,1,1,0,1,0,1,0,1,0,1,0,1,0,1,0,0,1,0,1,0,1,0,1,0,0,0,1,NA,NA,NA,NA,NA,NA,NA,NA,NA,NA,NA,NA,NA,NA,NA,NA,NA,NA,NA,NA,NA,NA,NA,NA,NA,NA,NA,NA,NA,NA,NA,NA,NA,NA,NA
4_107,112,4,No,Mar.29.2023,Apr.25.2023,No,NA,NA,NA,NA,NA,0,0,1,0,1,0,1,0,1,0,1,0,1,0,1,0,1,0,0,1,0,1,0,0,1,0,0,1,NA,NA,NA,NA,NA,NA,NA,NA,NA,NA,NA,NA,NA,NA,NA,NA,NA,NA,NA,NA,NA,NA,NA,NA,NA,NA,NA,NA,NA,NA,NA,NA,NA,NA,NA,NA,NA
1_098,113,1,No,Mar.26.2023,Apr.19.2023,Yes,NA,NA,0,0,0,1,0,1,1,0,1,1,0,1,1,0,1,1,0,1,0,1,0,1,0,0,1,NA,NA,NA,NA,NA,NA,NA,NA,NA,NA,NA,NA,NA,NA,NA,NA,NA,NA,NA,NA,NA,NA,NA,NA,NA,NA,NA,NA,NA,NA,NA,NA,NA,NA,NA,NA,NA,NA,NA,NA,NA,NA,NA
4_013,114,4,No,Mar.30.2023,May.04.2023,No,NA,NA,NA,NA,NA,NA,0,0,1,0,1,0,1,1,0,1,0,1,0,1,0,1,1,0,0,1,0,1,0,1,0,0,0,0,0,0,0,0,0,0,0,1,NA,NA,NA,NA,NA,NA,NA,NA,NA,NA,NA,NA,NA,NA,NA,NA,NA,NA,NA,NA,NA,NA,NA,NA,NA,NA,NA,NA
4_050,115,4,No,Mar.29.2023,Apr.21.2023,No,NA,NA,NA,NA,NA,0,0,1,0,1,0,1,1,0,1,0,1,0,1,0,1,0,1,0,1,0,1,0,1,NA,NA,NA,NA,NA,NA,NA,NA,NA,NA,NA,NA,NA,NA,NA,NA,NA,NA,NA,NA,NA,NA,NA,NA,NA,NA,NA,NA,NA,NA,NA,NA,NA,NA,NA,NA,NA,NA,NA,NA,NA
1_100,116,1,No,Mar.29.2023,Apr.24.2023,No,NA,NA,NA,NA,NA,0,0,1,1,0,1,0,1,1,1,0,1,1,0,1,1,0,2,0,0,1,0,0,0,0,0,1,NA,NA,NA,NA,NA,NA,NA,NA,NA,NA,NA,NA,NA,NA,NA,NA,NA,NA,NA,NA,NA,NA,NA,NA,NA,NA,NA,NA,NA,NA,NA,NA,NA,NA,NA,NA,NA,NA
4_077,117,4,No,Mar.30.2023,Apr.26.2023,No,NA,NA,NA,NA,NA,NA,0,0,1,0,0,1,1,0,1,0,1,0,1,0,1,0,0,1,0,0,1,0,1,0,1,0,0,1,NA,NA,NA,NA,NA,NA,NA,NA,NA,NA,NA,NA,NA,NA,NA,NA,NA,NA,NA,NA,NA,NA,NA,NA,NA,NA,NA,NA,NA,NA,NA,NA,NA,NA,NA,NA
1_113,121,1,No,Mar.30.2023,Apr.21.2023,No,NA,NA,NA,NA,NA,NA,0,0,1,0,1,0,1,1,0,1,1,0,1,1,1,0,1,1,0,0,0,0,1,NA,NA,NA,NA,NA,NA,NA,NA,NA,NA,NA,NA,NA,NA,NA,NA,NA,NA,NA,NA,NA,NA,NA,NA,NA,NA,NA,NA,NA,NA,NA,NA,NA,NA,NA,NA,NA,NA,NA,NA,NA
4_075,122,4,No,Mar.30.2023,May.12.2023,No,NA,NA,NA,NA,NA,NA,0,0,1,0,1,0,1,0,1,1,0,0,1,1,0,0,1,0,1,0,1,0,1,0,1,0,0,1,0,1,0,0,0,0,0,0,0,0,0,0,0,0,0,1,NA,NA,NA,NA,NA,NA,NA,NA,NA,NA,NA,NA,NA,NA,NA,NA,NA,NA,NA,NA
4_119,123,4,No,Mar.29.2023,Apr.17.2023,No,NA,NA,NA,NA,NA,0,1,1,0,1,0,1,1,0,0,0,1,0,1,1,0,1,0,0,1,NA,NA,NA,NA,NA,NA,NA,NA,NA,NA,NA,NA,NA,NA,NA,NA,NA,NA,NA,NA,NA,NA,NA,NA,NA,NA,NA,NA,NA,NA,NA,NA,NA,NA,NA,NA,NA,NA,NA,NA,NA,NA,NA,NA,NA
4_078,124,4,No,Mar.28.2023,Apr.24.2023,No,NA,NA,NA,NA,0,0,1,0,1,1,0,1,0,1,0,1,1,0,1,0,1,0,1,0,1,0,1,0,0,1,0,1,NA,NA,NA,NA,NA,NA,NA,NA,NA,NA,NA,NA,NA,NA,NA,NA,NA,NA,NA,NA,NA,NA,NA,NA,NA,NA,NA,NA,NA,NA,NA,NA,NA,NA,NA,NA,NA,NA
1_035,125,1,No,Mar.28.2023,Apr.23.2023,No,NA,NA,NA,NA,0,0,1,0,1,0,1,1,1,0,1,1,0,1,1,0,1,1,0,1,0,1,0,1,0,0,1,NA,NA,NA,NA,NA,NA,NA,NA,NA,NA,NA,NA,NA,NA,NA,NA,NA,NA,NA,NA,NA,NA,NA,NA,NA,NA,NA,NA,NA,NA,NA,NA,NA,NA,NA,NA,NA,NA,NA
1_134,126,1,No,Mar.28.2023,Apr.16.2023,No,NA,NA,NA,NA,0,0,1,0,1,0,1,1,0,1,1,1,0,1,1,1,0,1,0,1,NA,NA,NA,NA,NA,NA,NA,NA,NA,NA,NA,NA,NA,NA,NA,NA,NA,NA,NA,NA,NA,NA,NA,NA,NA,NA,NA,NA,NA,NA,NA,NA,NA,NA,NA,NA,NA,NA,NA,NA,NA,NA,NA,NA,NA,NA
1_011,127,1,No,Mar.29.2023,Apr.20.2023,No,NA,NA,NA,NA,NA,0,0,0,1,1,0,1,1,0,1,1,0,1,1,0,2,0,0,0,1,0,0,1,NA,NA,NA,NA,NA,NA,NA,NA,NA,NA,NA,NA,NA,NA,NA,NA,NA,NA,NA,NA,NA,NA,NA,NA,NA,NA,NA,NA,NA,NA,NA,NA,NA,NA,NA,NA,NA,NA,NA,NA,NA,NA
1_108,131,1,No,Mar.29.2023,Apr.26.2023,No,NA,NA,NA,NA,NA,0,0,0,1,1,0,1,1,0,1,1,1,0,1,1,0,1,0,1,0,0,0,0,1,0,1,0,1,2,NA,NA,NA,NA,NA,NA,NA,NA,NA,NA,NA,NA,NA,NA,NA,NA,NA,NA,NA,NA,NA,NA,NA,NA,NA,NA,NA,NA,NA,NA,NA,NA,NA,NA,NA,NA
4_164,132,4,No,Mar.29.2023,Apr.23.2023,No,NA,NA,NA,NA,NA,0,0,1,0,1,0,1,0,1,0,1,0,1,0,1,0,1,0,0,1,0,1,0,1,0,1,NA,NA,NA,NA,NA,NA,NA,NA,NA,NA,NA,NA,NA,NA,NA,NA,NA,NA,NA,NA,NA,NA,NA,NA,NA,NA,NA,NA,NA,NA,NA,NA,NA,NA,NA,NA,NA,NA,NA
4_129,133,4,No,Mar.27.2023,Apr.21.2023,No,NA,NA,NA,0,0,1,0,1,1,0,0,1,0,1,0,1,0,1,0,1,0,1,0,1,0,0,1,0,1,NA,NA,NA,NA,NA,NA,NA,NA,NA,NA,NA,NA,NA,NA,NA,NA,NA,NA,NA,NA,NA,NA,NA,NA,NA,NA,NA,NA,NA,NA,NA,NA,NA,NA,NA,NA,NA,NA,NA,NA,NA
1_053,134,1,No,Mar.27.2023,May.13.2023,No,NA,NA,NA,0,0,0,1,1,1,0,1,0,1,0,1,1,0,1,0,1,1,0,1,0,0,1,0,0,0,0,0,1,0,1,1,1,0,1,1,0,1,0,1,1,0,1,0,1,0,0,1,NA,NA,NA,NA,NA,NA,NA,NA,NA,NA,NA,NA,NA,NA,NA,NA,NA,NA,NA
1_003,733,1,Yes,Mar.28.2023,Apr.21.2023,No,NA,NA,NA,NA,0,0,0,1,1,1,0,1,1,0,1,1,0,1,1,0,1,0,1,0,0,0,1,0,2,NA,NA,NA,NA,NA,NA,NA,NA,NA,NA,NA,NA,NA,NA,NA,NA,NA,NA,NA,NA,NA,NA,NA,NA,NA,NA,NA,NA,NA,NA,NA,NA,NA,NA,NA,NA,NA,NA,NA,NA,NA
4_067,136,4,No,Mar.30.2023,Apr.28.2023,No,NA,NA,NA,NA,NA,NA,0,0,1,1,0,0,0,1,0,1,0,1,0,1,1,0,1,0,0,1,0,0,0,1,0,0,0,0,0,1,NA,NA,NA,NA,NA,NA,NA,NA,NA,NA,NA,NA,NA,NA,NA,NA,NA,NA,NA,NA,NA,NA,NA,NA,NA,NA,NA,NA,NA,NA,NA,NA,NA,NA
4_089,137,4,No,Mar.27.2023,Apr.22.2023,No,NA,NA,NA,0,0,1,0,1,1,0,0,1,0,1,0,1,1,0,1,0,1,0,0,1,0,0,1,0,0,1,NA,NA,NA,NA,NA,NA,NA,NA,NA,NA,NA,NA,NA,NA,NA,NA,NA,NA,NA,NA,NA,NA,NA,NA,NA,NA,NA,NA,NA,NA,NA,NA,NA,NA,NA,NA,NA,NA,NA,NA
1_044,141,1,No,Mar.28.2023,Apr.28.2023,No,NA,NA,NA,NA,0,0,0,1,0,1,0,1,0,1,1,0,1,0,1,0,1,1,0,0,1,0,1,0,1,0,1,0,0,0,0,1,NA,NA,NA,NA,NA,NA,NA,NA,NA,NA,NA,NA,NA,NA,NA,NA,NA,NA,NA,NA,NA,NA,NA,NA,NA,NA,NA,NA,NA,NA,NA,NA,NA,NA
1_063,142,1,No,Mar.28.2023,Apr.21.2023,No,NA,NA,NA,NA,0,0,1,0,1,0,1,1,0,1,0,1,1,1,0,1,1,1,0,0,1,0,0,0,1,NA,NA,NA,NA,NA,NA,NA,NA,NA,NA,NA,NA,NA,NA,NA,NA,NA,NA,NA,NA,NA,NA,NA,NA,NA,NA,NA,NA,NA,NA,NA,NA,NA,NA,NA,NA,NA,NA,NA,NA,NA
4_110,143,4,No,Mar.29.2023,Apr.28.2023,No,NA,NA,NA,NA,NA,0,0,1,0,0,1,0,1,1,0,1,0,1,0,1,1,0,0,1,0,1,0,1,0,1,0,1,0,0,0,1,NA,NA,NA,NA,NA,NA,NA,NA,NA,NA,NA,NA,NA,NA,NA,NA,NA,NA,NA,NA,NA,NA,NA,NA,NA,NA,NA,NA,NA,NA,NA,NA,NA,NA
4_159,144,4,No,Mar.27.2023,Apr.20.2023,No,NA,NA,NA,0,0,0,1,1,0,1,0,1,0,1,0,1,0,1,0,1,0,1,0,0,1,0,0,1,NA,NA,NA,NA,NA,NA,NA,NA,NA,NA,NA,NA,NA,NA,NA,NA,NA,NA,NA,NA,NA,NA,NA,NA,NA,NA,NA,NA,NA,NA,NA,NA,NA,NA,NA,NA,NA,NA,NA,NA,NA,NA
1_132,145,1,No,Mar.27.2023,Apr.24.2023,No,NA,NA,NA,0,0,0,1,1,1,0,1,0,1,1,1,0,1,0,1,1,0,1,0,1,0,0,1,0,0,1,0,1,NA,NA,NA,NA,NA,NA,NA,NA,NA,NA,NA,NA,NA,NA,NA,NA,NA,NA,NA,NA,NA,NA,NA,NA,NA,NA,NA,NA,NA,NA,NA,NA,NA,NA,NA,NA,NA,NA
4_115,146,4,No,Mar.29.2023,May.09.2023,No,NA,NA,NA,NA,NA,0,0,0,1,0,1,0,1,0,1,0,1,0,0,1,0,1,0,0,1,0,1,0,0,1,0,1,0,1,0,1,0,1,0,0,0,1,0,0,0,0,1,NA,NA,NA,NA,NA,NA,NA,NA,NA,NA,NA,NA,NA,NA,NA,NA,NA,NA,NA,NA,NA,NA,NA
1_083,147,1,No,Mar.28.2023,Apr.19.2023,No,NA,NA,NA,NA,0,0,1,0,1,1,0,1,1,0,1,1,0,1,0,1,1,0,1,0,0,0,1,NA,NA,NA,NA,NA,NA,NA,NA,NA,NA,NA,NA,NA,NA,NA,NA,NA,NA,NA,NA,NA,NA,NA,NA,NA,NA,NA,NA,NA,NA,NA,NA,NA,NA,NA,NA,NA,NA,NA,NA,NA,NA,NA
4_118,211,4,No,Mar.28.2023,Apr.23.2023,No,NA,NA,NA,NA,0,0,0,1,1,0,1,0,1,0,1,0,1,0,1,0,1,0,1,0,1,1,1,0,0,0,1,NA,NA,NA,NA,NA,NA,NA,NA,NA,NA,NA,NA,NA,NA,NA,NA,NA,NA,NA,NA,NA,NA,NA,NA,NA,NA,NA,NA,NA,NA,NA,NA,NA,NA,NA,NA,NA,NA,NA
4_103,212,4,No,Mar.29.2023,Apr.26.2023,No,NA,NA,NA,NA,NA,0,0,1,0,1,0,1,1,0,0,1,1,0,1,0,1,0,1,0,1,0,1,0,1,0,1,0,0,1,NA,NA,NA,NA,NA,NA,NA,NA,NA,NA,NA,NA,NA,NA,NA,NA,NA,NA,NA,NA,NA,NA,NA,NA,NA,NA,NA,NA,NA,NA,NA,NA,NA,NA,NA,NA
1_139,213,1,No,Mar.26.2023,Apr.21.2023,No,NA,NA,0,0,0,1,0,1,1,1,0,1,1,0,1,0,1,1,0,1,0,1,0,1,0,0,0,0,2,NA,NA,NA,NA,NA,NA,NA,NA,NA,NA,NA,NA,NA,NA,NA,NA,NA,NA,NA,NA,NA,NA,NA,NA,NA,NA,NA,NA,NA,NA,NA,NA,NA,NA,NA,NA,NA,NA,NA,NA,NA
4_101,214,4,No,Mar.29.2023,May.10.2023,No,NA,NA,NA,NA,NA,0,1,0,1,0,1,1,0,0,1,1,0,1,0,1,0,1,0,1,0,0,0,0,1,0,0,1,0,0,0,0,0,0,0,0,0,0,0,0,0,0,0,1,NA,NA,NA,NA,NA,NA,NA,NA,NA,NA,NA,NA,NA,NA,NA,NA,NA,NA,NA,NA,NA,NA
4_069,215,4,No,Mar.28.2023,Apr.16.2023,No,NA,NA,NA,NA,0,0,1,0,1,1,0,1,0,1,1,0,1,0,1,0,1,0,0,1,NA,NA,NA,NA,NA,NA,NA,NA,NA,NA,NA,NA,NA,NA,NA,NA,NA,NA,NA,NA,NA,NA,NA,NA,NA,NA,NA,NA,NA,NA,NA,NA,NA,NA,NA,NA,NA,NA,NA,NA,NA,NA,NA,NA,NA,NA
1_005,216,1,Yes,NA,NA,No,NA,NA,NA,NA,NA,NA,NA,NA,NA,NA,NA,NA,NA,NA,NA,NA,NA,NA,NA,NA,NA,NA,NA,NA,NA,NA,NA,NA,NA,NA,NA,NA,NA,NA,NA,NA,NA,NA,NA,NA,NA,NA,NA,NA,NA,NA,NA,NA,NA,NA,NA,NA,NA,NA,NA,NA,NA,NA,NA,NA,NA,NA,NA,NA,NA,NA,NA,NA,NA,NA
1_111,217,1,No,Mar.29.2023,Apr.20.2023,No,NA,NA,NA,NA,NA,0,0,1,1,0,1,0,1,1,0,1,1,0,1,0,1,1,0,1,0,0,0,2,NA,NA,NA,NA,NA,NA,NA,NA,NA,NA,NA,NA,NA,NA,NA,NA,NA,NA,NA,NA,NA,NA,NA,NA,NA,NA,NA,NA,NA,NA,NA,NA,NA,NA,NA,NA,NA,NA,NA,NA,NA,NA
1_016,822,1,Yes,Mar.30.2023,Apr.09.2023,No,NA,NA,NA,NA,NA,NA,0,0,1,0,0,1,1,1,1,0,1,NA,NA,NA,NA,NA,NA,NA,NA,NA,NA,NA,NA,NA,NA,NA,NA,NA,NA,NA,NA,NA,NA,NA,NA,NA,NA,NA,NA,NA,NA,NA,NA,NA,NA,NA,NA,NA,NA,NA,NA,NA,NA,NA,NA,NA,NA,NA,NA,NA,NA,NA,NA,NA
4_061,222,4,No,Mar.31.2023,Apr.27.2023,No,NA,NA,NA,NA,NA,NA,NA,0,0,1,0,1,1,0,1,1,0,1,0,1,1,0,1,0,1,0,1,1,0,0,1,0,0,0,1,NA,NA,NA,NA,NA,NA,NA,NA,NA,NA,NA,NA,NA,NA,NA,NA,NA,NA,NA,NA,NA,NA,NA,NA,NA,NA,NA,NA,NA,NA,NA,NA,NA,NA,NA
4_136,223,4,No,Mar.28.2023,Apr.22.2023,No,NA,NA,NA,NA,0,0,0,1,1,1,0,1,0,1,0,1,1,0,1,0,2,0,0,1,0,0,1,1,0,1,NA,NA,NA,NA,NA,NA,NA,NA,NA,NA,NA,NA,NA,NA,NA,NA,NA,NA,NA,NA,NA,NA,NA,NA,NA,NA,NA,NA,NA,NA,NA,NA,NA,NA,NA,NA,NA,NA,NA,NA
4_057,224,4,No,Mar.28.2023,Apr.22.2023,No,NA,NA,NA,NA,0,0,0,1,1,0,1,1,0,1,0,1,0,1,1,0,1,0,1,0,1,0,1,0,0,1,NA,NA,NA,NA,NA,NA,NA,NA,NA,NA,NA,NA,NA,NA,NA,NA,NA,NA,NA,NA,NA,NA,NA,NA,NA,NA,NA,NA,NA,NA,NA,NA,NA,NA,NA,NA,NA,NA,NA,NA
4_006,225,4,No,Mar.28.2023,Apr.29.2023,No,NA,NA,NA,NA,0,0,0,1,1,1,0,1,0,1,0,1,1,0,1,0,1,1,0,1,0,1,0,0,1,0,1,0,0,0,0,2,1,NA,NA,NA,NA,NA,NA,NA,NA,NA,NA,NA,NA,NA,NA,NA,NA,NA,NA,NA,NA,NA,NA,NA,NA,NA,NA,NA,NA,NA,NA,NA,NA,NA
4_014,226,4,No,Mar.27.2023,Apr.19.2023,No,NA,NA,NA,0,0,0,1,1,1,0,0,1,1,0,0,1,1,0,1,0,1,0,1,0,1,0,1,NA,NA,NA,NA,NA,NA,NA,NA,NA,NA,NA,NA,NA,NA,NA,NA,NA,NA,NA,NA,NA,NA,NA,NA,NA,NA,NA,NA,NA,NA,NA,NA,NA,NA,NA,NA,NA,NA,NA,NA,NA,NA,NA
1_027,647,1,Yes,Mar.28.2023,Apr.06.2023,No,NA,NA,NA,NA,0,0,1,0,1,1,0,1,0,1,NA,NA,NA,NA,NA,NA,NA,NA,NA,NA,NA,NA,NA,NA,NA,NA,NA,NA,NA,NA,NA,NA,NA,NA,NA,NA,NA,NA,NA,NA,NA,NA,NA,NA,NA,NA,NA,NA,NA,NA,NA,NA,NA,NA,NA,NA,NA,NA,NA,NA,NA,NA,NA,NA,NA,NA
1_015,231,1,No,Mar.29.2023,May.03.2023,No,NA,NA,NA,NA,NA,0,0,1,0,1,0,1,1,1,0,1,0,1,1,0,1,1,0,1,0,1,0,0,0,0,0,0,0,0,0,0,0,0,0,0,1,NA,NA,NA,NA,NA,NA,NA,NA,NA,NA,NA,NA,NA,NA,NA,NA,NA,NA,NA,NA,NA,NA,NA,NA,NA,NA,NA,NA,NA
4_087,232,4,No,Mar.26.2023,Apr.08.2023,No,NA,NA,0,0,0,0,1,0,1,0,0,1,0,0,0,1,NA,NA,NA,NA,NA,NA,NA,NA,NA,NA,NA,NA,NA,NA,NA,NA,NA,NA,NA,NA,NA,NA,NA,NA,NA,NA,NA,NA,NA,NA,NA,NA,NA,NA,NA,NA,NA,NA,NA,NA,NA,NA,NA,NA,NA,NA,NA,NA,NA,NA,NA,NA,NA,NA
1_137,233,1,No,Mar.29.2023,Apr.17.2023,No,NA,NA,NA,NA,NA,0,0,1,1,0,1,0,1,1,0,0,1,1,0,1,1,0,1,0,1,NA,NA,NA,NA,NA,NA,NA,NA,NA,NA,NA,NA,NA,NA,NA,NA,NA,NA,NA,NA,NA,NA,NA,NA,NA,NA,NA,NA,NA,NA,NA,NA,NA,NA,NA,NA,NA,NA,NA,NA,NA,NA,NA,NA,NA
4_062,234,4,No,Mar.27.2023,Apr.23.2023,No,NA,NA,NA,0,0,0,1,0,1,1,0,1,0,1,0,1,0,1,1,0,1,0,1,1,0,1,0,1,0,0,1,NA,NA,NA,NA,NA,NA,NA,NA,NA,NA,NA,NA,NA,NA,NA,NA,NA,NA,NA,NA,NA,NA,NA,NA,NA,NA,NA,NA,NA,NA,NA,NA,NA,NA,NA,NA,NA,NA,NA
4_126,235,4,No,Mar.28.2023,Apr.23.2023,No,NA,NA,NA,NA,0,0,0,1,1,0,1,0,1,0,1,1,0,1,0,1,0,1,0,1,0,0,1,0,1,0,1,NA,NA,NA,NA,NA,NA,NA,NA,NA,NA,NA,NA,NA,NA,NA,NA,NA,NA,NA,NA,NA,NA,NA,NA,NA,NA,NA,NA,NA,NA,NA,NA,NA,NA,NA,NA,NA,NA,NA
4_155,236,4,No,Mar.26.2023,Apr.18.2023,No,NA,NA,0,0,0,1,0,1,1,0,1,0,1,0,1,0,1,0,1,1,0,1,0,1,0,1,NA,NA,NA,NA,NA,NA,NA,NA,NA,NA,NA,NA,NA,NA,NA,NA,NA,NA,NA,NA,NA,NA,NA,NA,NA,NA,NA,NA,NA,NA,NA,NA,NA,NA,NA,NA,NA,NA,NA,NA,NA,NA,NA,NA
1_006,237,1,No,Mar.25.2023,May.07.2023,No,NA,0,0,1,0,1,0,1,1,0,1,0,1,1,0,1,0,1,0,1,0,1,0,1,0,1,0,0,0,1,0,0,0,0,0,0,1,0,0,1,1,0,1,0,2,NA,NA,NA,NA,NA,NA,NA,NA,NA,NA,NA,NA,NA,NA,NA,NA,NA,NA,NA,NA,NA,NA,NA,NA,NA
1_043,241,1,No,Mar.24.2023,Apr.24.2023,No,0,0,1,0,0,0,1,1,1,0,0,1,1,0,1,0,1,0,1,0,1,0,1,0,1,0,1,0,0,0,0,1,NA,NA,NA,NA,NA,NA,NA,NA,NA,NA,NA,NA,NA,NA,NA,NA,NA,NA,NA,NA,NA,NA,NA,NA,NA,NA,NA,NA,NA,NA,NA,NA,NA,NA,NA,NA,NA,NA
4_029,242,4,No,Mar.29.2023,Apr.24.2023,No,NA,NA,NA,NA,NA,0,0,0,1,0,1,1,0,1,0,1,1,0,1,0,1,0,1,0,1,0,1,0,1,0,0,1,NA,NA,NA,NA,NA,NA,NA,NA,NA,NA,NA,NA,NA,NA,NA,NA,NA,NA,NA,NA,NA,NA,NA,NA,NA,NA,NA,NA,NA,NA,NA,NA,NA,NA,NA,NA,NA,NA
1_014,243,1,No,Mar.27.2023,Apr.15.2023,No,NA,NA,NA,0,0,0,1,1,1,0,1,0,1,1,0,1,1,0,1,1,0,0,1,NA,NA,NA,NA,NA,NA,NA,NA,NA,NA,NA,NA,NA,NA,NA,NA,NA,NA,NA,NA,NA,NA,NA,NA,NA,NA,NA,NA,NA,NA,NA,NA,NA,NA,NA,NA,NA,NA,NA,NA,NA,NA,NA,NA,NA,NA,NA
1_056,244,1,No,Mar.27.2023,Apr.16.2023,No,NA,NA,NA,0,0,0,1,1,1,0,1,1,0,1,1,0,1,0,1,1,0,1,0,1,NA,NA,NA,NA,NA,NA,NA,NA,NA,NA,NA,NA,NA,NA,NA,NA,NA,NA,NA,NA,NA,NA,NA,NA,NA,NA,NA,NA,NA,NA,NA,NA,NA,NA,NA,NA,NA,NA,NA,NA,NA,NA,NA,NA,NA,NA
1_130,245,1,No,Mar.27.2023,Apr.24.2023,No,NA,NA,NA,0,0,0,1,0,2,0,0,1,1,1,0,1,1,0,1,1,0,1,0,1,0,1,0,0,0,0,0,1,NA,NA,NA,NA,NA,NA,NA,NA,NA,NA,NA,NA,NA,NA,NA,NA,NA,NA,NA,NA,NA,NA,NA,NA,NA,NA,NA,NA,NA,NA,NA,NA,NA,NA,NA,NA,NA,NA
1_103,246,1,No,Mar.26.2023,Apr.19.2023,No,NA,NA,0,0,0,1,1,0,1,1,0,1,1,0,1,1,0,1,1,0,2,0,0,0,0,0,1,NA,NA,NA,NA,NA,NA,NA,NA,NA,NA,NA,NA,NA,NA,NA,NA,NA,NA,NA,NA,NA,NA,NA,NA,NA,NA,NA,NA,NA,NA,NA,NA,NA,NA,NA,NA,NA,NA,NA,NA,NA,NA,NA
4_149,247,4,No,Mar.26.2023,Apr.24.2023,No,NA,NA,0,0,0,1,0,1,0,0,1,0,1,0,1,1,0,1,0,1,0,1,0,1,0,1,0,0,1,0,0,1,NA,NA,NA,NA,NA,NA,NA,NA,NA,NA,NA,NA,NA,NA,NA,NA,NA,NA,NA,NA,NA,NA,NA,NA,NA,NA,NA,NA,NA,NA,NA,NA,NA,NA,NA,NA,NA,NA
1_042,311,1,No,Mar.29.2023,Apr.25.2023,No,NA,NA,NA,NA,NA,0,0,0,0,1,0,0,0,1,1,1,0,1,1,0,1,0,1,1,0,0,1,0,1,0,0,0,1,NA,NA,NA,NA,NA,NA,NA,NA,NA,NA,NA,NA,NA,NA,NA,NA,NA,NA,NA,NA,NA,NA,NA,NA,NA,NA,NA,NA,NA,NA,NA,NA,NA,NA,NA,NA,NA
4_037,312,4,No,Apr.01.2023,May.02.2023,No,NA,NA,NA,NA,NA,NA,NA,NA,0,0,0,1,0,1,1,0,1,0,1,1,0,1,1,0,0,1,0,1,0,1,0,1,0,1,0,1,0,0,0,1,NA,NA,NA,NA,NA,NA,NA,NA,NA,NA,NA,NA,NA,NA,NA,NA,NA,NA,NA,NA,NA,NA,NA,NA,NA,NA,NA,NA,NA,NA
1_127,313,1,No,Mar.29.2023,Apr.14.2023,No,NA,NA,NA,NA,NA,0,1,1,1,0,1,1,1,1,1,1,0,0,1,0,0,1,NA,NA,NA,NA,NA,NA,NA,NA,NA,NA,NA,NA,NA,NA,NA,NA,NA,NA,NA,NA,NA,NA,NA,NA,NA,NA,NA,NA,NA,NA,NA,NA,NA,NA,NA,NA,NA,NA,NA,NA,NA,NA,NA,NA,NA,NA,NA,NA
1_140,314,1,No,Mar.29.2023,Apr.15.2023,Yes,NA,NA,NA,NA,NA,0,0,1,0,1,1,1,0,1,1,1,0,1,1,1,0,1,1,NA,NA,NA,NA,NA,NA,NA,NA,NA,NA,NA,NA,NA,NA,NA,NA,NA,NA,NA,NA,NA,NA,NA,NA,NA,NA,NA,NA,NA,NA,NA,NA,NA,NA,NA,NA,NA,NA,NA,NA,NA,NA,NA,NA,NA,NA,NA
4_114,315,4,No,Mar.27.2023,Apr.24.2023,No,NA,NA,NA,0,0,0,1,1,0,1,0,1,1,0,1,1,0,1,0,1,1,0,1,0,1,0,0,1,0,0,0,1,NA,NA,NA,NA,NA,NA,NA,NA,NA,NA,NA,NA,NA,NA,NA,NA,NA,NA,NA,NA,NA,NA,NA,NA,NA,NA,NA,NA,NA,NA,NA,NA,NA,NA,NA,NA,NA,NA
4_071,316,4,No,Mar.28.2023,Apr.27.2023,No,NA,NA,NA,NA,0,0,0,1,0,1,1,0,1,0,1,1,0,1,0,1,0,1,1,0,0,1,0,1,0,1,0,0,0,0,1,NA,NA,NA,NA,NA,NA,NA,NA,NA,NA,NA,NA,NA,NA,NA,NA,NA,NA,NA,NA,NA,NA,NA,NA,NA,NA,NA,NA,NA,NA,NA,NA,NA,NA,NA
1_156,317,1,No,Mar.29.2023,Apr.17.2023,No,NA,NA,NA,NA,NA,0,0,1,1,0,1,0,1,1,1,0,1,0,1,1,1,0,1,0,1,NA,NA,NA,NA,NA,NA,NA,NA,NA,NA,NA,NA,NA,NA,NA,NA,NA,NA,NA,NA,NA,NA,NA,NA,NA,NA,NA,NA,NA,NA,NA,NA,NA,NA,NA,NA,NA,NA,NA,NA,NA,NA,NA,NA,NA
4_026,321,4,No,Mar.30.2023,Apr.25.2023,No,NA,NA,NA,NA,NA,NA,0,0,1,0,1,0,1,0,1,0,1,0,1,0,1,0,1,0,1,0,0,1,0,1,0,0,1,NA,NA,NA,NA,NA,NA,NA,NA,NA,NA,NA,NA,NA,NA,NA,NA,NA,NA,NA,NA,NA,NA,NA,NA,NA,NA,NA,NA,NA,NA,NA,NA,NA,NA,NA,NA,NA
1_059,322,1,No,Mar.28.2023,Apr.18.2023,No,NA,NA,NA,NA,0,0,0,1,1,0,1,0,1,1,1,0,1,1,0,1,0,1,1,0,0,1,NA,NA,NA,NA,NA,NA,NA,NA,NA,NA,NA,NA,NA,NA,NA,NA,NA,NA,NA,NA,NA,NA,NA,NA,NA,NA,NA,NA,NA,NA,NA,NA,NA,NA,NA,NA,NA,NA,NA,NA,NA,NA,NA,NA
4_166,323,4,No,Mar.27.2023,Apr.21.2023,No,NA,NA,NA,0,0,0,1,1,0,1,0,1,0,1,0,1,0,1,1,0,1,0,1,0,1,0,1,0,1,NA,NA,NA,NA,NA,NA,NA,NA,NA,NA,NA,NA,NA,NA,NA,NA,NA,NA,NA,NA,NA,NA,NA,NA,NA,NA,NA,NA,NA,NA,NA,NA,NA,NA,NA,NA,NA,NA,NA,NA,NA
1_079,731,1,Yes,NA,NA,No,NA,NA,NA,NA,NA,NA,NA,NA,NA,NA,NA,NA,NA,NA,NA,NA,NA,NA,NA,NA,NA,NA,NA,NA,NA,NA,NA,NA,NA,NA,NA,NA,NA,NA,NA,NA,NA,NA,NA,NA,NA,NA,NA,NA,NA,NA,NA,NA,NA,NA,NA,NA,NA,NA,NA,NA,NA,NA,NA,NA,NA,NA,NA,NA,NA,NA,NA,NA,NA,NA
1_133,325,1,No,Mar.28.2023,Apr.30.2023,No,NA,NA,NA,NA,0,0,0,1,1,0,1,1,1,1,1,0,1,0,1,1,1,0,1,0,2,0,0,0,0,0,0,0,1,1,0,1,0,2,NA,NA,NA,NA,NA,NA,NA,NA,NA,NA,NA,NA,NA,NA,NA,NA,NA,NA,NA,NA,NA,NA,NA,NA,NA,NA,NA,NA,NA,NA,NA,NA
4_018,326,4,No,Mar.30.2023,Apr.24.2023,No,NA,NA,NA,NA,NA,NA,0,0,1,0,1,1,0,1,0,1,0,1,1,0,1,0,1,0,1,0,1,0,0,1,0,1,NA,NA,NA,NA,NA,NA,NA,NA,NA,NA,NA,NA,NA,NA,NA,NA,NA,NA,NA,NA,NA,NA,NA,NA,NA,NA,NA,NA,NA,NA,NA,NA,NA,NA,NA,NA,NA,NA
1_078,327,1,No,Mar.30.2023,May.08.2023,No,NA,NA,NA,NA,NA,NA,0,0,1,0,1,1,0,1,1,1,0,1,0,1,1,0,1,0,1,1,0,0,1,0,0,1,0,0,0,0,0,0,0,0,0,0,0,1,0,1,NA,NA,NA,NA,NA,NA,NA,NA,NA,NA,NA,NA,NA,NA,NA,NA,NA,NA,NA,NA,NA,NA,NA,NA
4_005,331,4,No,Mar.27.2023,Apr.22.2023,No,NA,NA,NA,0,0,0,1,0,1,0,1,0,1,0,1,0,1,1,0,1,0,1,0,0,1,0,1,0,0,1,NA,NA,NA,NA,NA,NA,NA,NA,NA,NA,NA,NA,NA,NA,NA,NA,NA,NA,NA,NA,NA,NA,NA,NA,NA,NA,NA,NA,NA,NA,NA,NA,NA,NA,NA,NA,NA,NA,NA,NA
1_164,332,1,No,Mar.30.2023,Apr.23.2023,No,NA,NA,NA,NA,NA,NA,0,0,1,0,1,1,0,1,1,0,1,1,0,1,1,0,1,0,1,1,0,0,1,0,1,NA,NA,NA,NA,NA,NA,NA,NA,NA,NA,NA,NA,NA,NA,NA,NA,NA,NA,NA,NA,NA,NA,NA,NA,NA,NA,NA,NA,NA,NA,NA,NA,NA,NA,NA,NA,NA,NA,NA
1_051,333,1,No,Mar.29.2023,Apr.22.2023,No,NA,NA,NA,NA,NA,0,0,1,1,0,1,0,1,1,1,0,1,1,0,1,1,0,1,1,0,1,0,1,0,1,NA,NA,NA,NA,NA,NA,NA,NA,NA,NA,NA,NA,NA,NA,NA,NA,NA,NA,NA,NA,NA,NA,NA,NA,NA,NA,NA,NA,NA,NA,NA,NA,NA,NA,NA,NA,NA,NA,NA,NA
1_091,334,1,No,Mar.28.2023,Apr.15.2023,No,NA,NA,NA,NA,0,0,0,1,1,0,1,1,0,1,1,1,1,1,0,1,0,0,1,NA,NA,NA,NA,NA,NA,NA,NA,NA,NA,NA,NA,NA,NA,NA,NA,NA,NA,NA,NA,NA,NA,NA,NA,NA,NA,NA,NA,NA,NA,NA,NA,NA,NA,NA,NA,NA,NA,NA,NA,NA,NA,NA,NA,NA,NA,NA
4_010,335,4,No,Mar.28.2023,Apr.23.2023,No,NA,NA,NA,NA,0,0,1,0,1,0,1,1,0,1,1,0,1,1,0,1,0,1,1,0,1,0,1,0,0,1,1,NA,NA,NA,NA,NA,NA,NA,NA,NA,NA,NA,NA,NA,NA,NA,NA,NA,NA,NA,NA,NA,NA,NA,NA,NA,NA,NA,NA,NA,NA,NA,NA,NA,NA,NA,NA,NA,NA,NA
4_065,336,4,No,Mar.28.2023,Apr.21.2023,No,NA,NA,NA,NA,0,0,1,0,1,0,1,0,1,0,1,1,0,1,0,1,1,0,1,0,0,1,0,0,1,NA,NA,NA,NA,NA,NA,NA,NA,NA,NA,NA,NA,NA,NA,NA,NA,NA,NA,NA,NA,NA,NA,NA,NA,NA,NA,NA,NA,NA,NA,NA,NA,NA,NA,NA,NA,NA,NA,NA,NA,NA
4_167,337,4,No,Mar.27.2023,Apr.23.2023,No,NA,NA,NA,0,0,0,1,0,1,0,1,0,1,0,1,1,0,1,0,1,0,1,0,0,1,0,0,1,0,0,1,NA,NA,NA,NA,NA,NA,NA,NA,NA,NA,NA,NA,NA,NA,NA,NA,NA,NA,NA,NA,NA,NA,NA,NA,NA,NA,NA,NA,NA,NA,NA,NA,NA,NA,NA,NA,NA,NA,NA
1_076,341,1,No,Mar.28.2023,Apr.22.2023,No,NA,NA,NA,NA,0,0,0,1,1,0,1,0,1,0,1,1,1,0,1,0,1,1,0,0,0,1,0,0,0,1,NA,NA,NA,NA,NA,NA,NA,NA,NA,NA,NA,NA,NA,NA,NA,NA,NA,NA,NA,NA,NA,NA,NA,NA,NA,NA,NA,NA,NA,NA,NA,NA,NA,NA,NA,NA,NA,NA,NA,NA
1_023,342,1,No,Mar.29.2023,Apr.16.2023,No,NA,NA,NA,NA,NA,0,0,0,1,1,0,1,1,0,1,1,1,0,1,1,2,0,0,1,NA,NA,NA,NA,NA,NA,NA,NA,NA,NA,NA,NA,NA,NA,NA,NA,NA,NA,NA,NA,NA,NA,NA,NA,NA,NA,NA,NA,NA,NA,NA,NA,NA,NA,NA,NA,NA,NA,NA,NA,NA,NA,NA,NA,NA,NA
4_111,343,4,No,Mar.28.2023,Apr.17.2023,Yes,NA,NA,NA,NA,0,0,1,0,1,0,1,1,1,0,1,1,0,1,1,0,1,0,0,0,1,NA,NA,NA,NA,NA,NA,NA,NA,NA,NA,NA,NA,NA,NA,NA,NA,NA,NA,NA,NA,NA,NA,NA,NA,NA,NA,NA,NA,NA,NA,NA,NA,NA,NA,NA,NA,NA,NA,NA,NA,NA,NA,NA,NA,NA
4_157,344,4,No,Mar.29.2023,Apr.22.2023,No,NA,NA,NA,NA,NA,0,0,1,1,0,1,0,1,1,0,1,1,0,1,0,1,0,0,0,1,0,0,0,0,1,NA,NA,NA,NA,NA,NA,NA,NA,NA,NA,NA,NA,NA,NA,NA,NA,NA,NA,NA,NA,NA,NA,NA,NA,NA,NA,NA,NA,NA,NA,NA,NA,NA,NA,NA,NA,NA,NA,NA,NA
4_086,345,4,No,Mar.27.2023,Apr.17.2023,No,NA,NA,NA,0,0,0,1,1,0,1,0,1,0,1,1,0,1,0,1,1,0,1,0,0,1,NA,NA,NA,NA,NA,NA,NA,NA,NA,NA,NA,NA,NA,NA,NA,NA,NA,NA,NA,NA,NA,NA,NA,NA,NA,NA,NA,NA,NA,NA,NA,NA,NA,NA,NA,NA,NA,NA,NA,NA,NA,NA,NA,NA,NA
1_149,346,1,No,Mar.29.2023,Apr.20.2023,No,NA,NA,NA,NA,NA,0,0,1,1,0,1,1,0,1,1,0,1,1,0,1,1,0,0,0,1,0,0,1,NA,NA,NA,NA,NA,NA,NA,NA,NA,NA,NA,NA,NA,NA,NA,NA,NA,NA,NA,NA,NA,NA,NA,NA,NA,NA,NA,NA,NA,NA,NA,NA,NA,NA,NA,NA,NA,NA,NA,NA,NA,NA
4_132,347,4,No,Mar.28.2023,Apr.20.2023,No,NA,NA,NA,NA,0,0,0,1,1,0,1,0,1,1,1,0,1,0,1,1,0,1,0,0,0,0,0,1,NA,NA,NA,NA,NA,NA,NA,NA,NA,NA,NA,NA,NA,NA,NA,NA,NA,NA,NA,NA,NA,NA,NA,NA,NA,NA,NA,NA,NA,NA,NA,NA,NA,NA,NA,NA,NA,NA,NA,NA,NA,NA
4_041,411,4,No,Mar.27.2023,May.09.2023,No,NA,NA,NA,0,0,0,1,0,1,0,1,0,1,0,1,0,1,0,1,0,1,0,0,1,0,0,1,0,0,1,0,1,0,0,0,0,0,0,0,0,0,0,0,0,0,0,1,NA,NA,NA,NA,NA,NA,NA,NA,NA,NA,NA,NA,NA,NA,NA,NA,NA,NA,NA,NA,NA,NA,NA
1_142,412,1,No,Mar.29.2023,Apr.20.2023,No,NA,NA,NA,NA,NA,0,0,0,1,1,0,1,1,0,1,1,0,1,1,0,1,0,1,0,1,0,1,1,NA,NA,NA,NA,NA,NA,NA,NA,NA,NA,NA,NA,NA,NA,NA,NA,NA,NA,NA,NA,NA,NA,NA,NA,NA,NA,NA,NA,NA,NA,NA,NA,NA,NA,NA,NA,NA,NA,NA,NA,NA,NA
4_017,413,4,No,Mar.28.2023,Apr.21.2023,No,NA,NA,NA,NA,0,0,1,0,1,1,0,1,0,1,1,0,1,0,1,1,0,1,0,0,1,0,0,0,1,NA,NA,NA,NA,NA,NA,NA,NA,NA,NA,NA,NA,NA,NA,NA,NA,NA,NA,NA,NA,NA,NA,NA,NA,NA,NA,NA,NA,NA,NA,NA,NA,NA,NA,NA,NA,NA,NA,NA,NA,NA
4_025,414,4,No,Mar.28.2023,Apr.19.2023,No,NA,NA,NA,NA,0,0,1,0,1,1,0,1,1,1,0,1,1,0,1,1,0,1,0,1,0,0,1,NA,NA,NA,NA,NA,NA,NA,NA,NA,NA,NA,NA,NA,NA,NA,NA,NA,NA,NA,NA,NA,NA,NA,NA,NA,NA,NA,NA,NA,NA,NA,NA,NA,NA,NA,NA,NA,NA,NA,NA,NA,NA,NA
1_036,415,1,No,Mar.29.2023,Apr.20.2023,No,NA,NA,NA,NA,NA,0,0,1,0,1,1,0,1,1,1,1,0,1,0,1,0,0,1,0,1,0,0,1,NA,NA,NA,NA,NA,NA,NA,NA,NA,NA,NA,NA,NA,NA,NA,NA,NA,NA,NA,NA,NA,NA,NA,NA,NA,NA,NA,NA,NA,NA,NA,NA,NA,NA,NA,NA,NA,NA,NA,NA,NA,NA
1_055,416,1,No,Mar.27.2023,Apr.29.2023,No,NA,NA,NA,0,0,0,1,1,0,1,1,0,1,1,1,1,0,1,0,1,1,0,1,0,1,0,1,1,0,1,0,1,0,0,0,0,1,NA,NA,NA,NA,NA,NA,NA,NA,NA,NA,NA,NA,NA,NA,NA,NA,NA,NA,NA,NA,NA,NA,NA,NA,NA,NA,NA,NA,NA,NA,NA,NA,NA
1_121,417,1,No,Mar.31.2023,May.07.2023,No,NA,NA,NA,NA,NA,NA,NA,0,0,0,1,0,1,1,1,0,1,1,0,1,1,0,1,0,1,0,1,0,0,1,0,0,0,0,0,0,0,0,0,0,0,0,0,0,1,NA,NA,NA,NA,NA,NA,NA,NA,NA,NA,NA,NA,NA,NA,NA,NA,NA,NA,NA,NA,NA,NA,NA,NA,NA
4_128,421,4,No,Mar.27.2023,Apr.20.2023,No,NA,NA,NA,0,0,0,0,0,1,0,1,1,0,1,0,1,0,1,1,0,1,0,1,0,0,1,0,1,NA,NA,NA,NA,NA,NA,NA,NA,NA,NA,NA,NA,NA,NA,NA,NA,NA,NA,NA,NA,NA,NA,NA,NA,NA,NA,NA,NA,NA,NA,NA,NA,NA,NA,NA,NA,NA,NA,NA,NA,NA,NA
1_071,422,1,No,Mar.29.2023,Apr.20.2023,No,NA,NA,NA,NA,NA,0,1,1,0,1,1,0,1,1,0,1,1,0,1,1,0,1,0,1,0,0,0,2,NA,NA,NA,NA,NA,NA,NA,NA,NA,NA,NA,NA,NA,NA,NA,NA,NA,NA,NA,NA,NA,NA,NA,NA,NA,NA,NA,NA,NA,NA,NA,NA,NA,NA,NA,NA,NA,NA,NA,NA,NA,NA
1_153,423,1,No,Mar.26.2023,Apr.25.2023,No,NA,NA,0,0,0,1,0,1,1,1,0,1,0,1,1,1,0,1,0,1,0,1,0,1,0,1,0,0,0,0,1,0,2,NA,NA,NA,NA,NA,NA,NA,NA,NA,NA,NA,NA,NA,NA,NA,NA,NA,NA,NA,NA,NA,NA,NA,NA,NA,NA,NA,NA,NA,NA,NA,NA,NA,NA,NA,NA,NA
4_153,424,4,No,Mar.28.2023,Apr.20.2023,No,NA,NA,NA,NA,0,0,1,0,1,0,1,1,0,1,0,1,1,0,1,0,1,0,1,0,1,0,0,1,NA,NA,NA,NA,NA,NA,NA,NA,NA,NA,NA,NA,NA,NA,NA,NA,NA,NA,NA,NA,NA,NA,NA,NA,NA,NA,NA,NA,NA,NA,NA,NA,NA,NA,NA,NA,NA,NA,NA,NA,NA,NA
1_141,425,1,No,Mar.28.2023,Apr.19.2023,No,NA,NA,NA,NA,0,0,0,1,1,0,1,1,0,1,1,1,0,1,1,0,1,0,1,0,1,0,1,NA,NA,NA,NA,NA,NA,NA,NA,NA,NA,NA,NA,NA,NA,NA,NA,NA,NA,NA,NA,NA,NA,NA,NA,NA,NA,NA,NA,NA,NA,NA,NA,NA,NA,NA,NA,NA,NA,NA,NA,NA,NA,NA
4_093,426,4,No,Mar.25.2023,Apr.19.2023,No,NA,0,0,0,1,1,0,1,0,1,0,1,0,1,0,1,0,1,0,1,0,1,0,0,1,0,1,NA,NA,NA,NA,NA,NA,NA,NA,NA,NA,NA,NA,NA,NA,NA,NA,NA,NA,NA,NA,NA,NA,NA,NA,NA,NA,NA,NA,NA,NA,NA,NA,NA,NA,NA,NA,NA,NA,NA,NA,NA,NA,NA
4_130,427,4,No,Mar.25.2023,May.02.2023,No,NA,0,0,0,0,1,0,1,0,1,0,1,0,1,1,0,1,0,1,0,1,0,1,0,1,0,0,1,1,0,0,1,0,0,1,0,0,0,0,1,NA,NA,NA,NA,NA,NA,NA,NA,NA,NA,NA,NA,NA,NA,NA,NA,NA,NA,NA,NA,NA,NA,NA,NA,NA,NA,NA,NA,NA,NA
1_046,431,1,No,Mar.27.2023,Apr.22.2023,No,NA,NA,NA,0,0,0,1,0,1,0,1,1,0,0,1,1,0,2,0,0,1,0,0,0,0,0,0,0,0,1,NA,NA,NA,NA,NA,NA,NA,NA,NA,NA,NA,NA,NA,NA,NA,NA,NA,NA,NA,NA,NA,NA,NA,NA,NA,NA,NA,NA,NA,NA,NA,NA,NA,NA,NA,NA,NA,NA,NA,NA
1_075,432,1,No,Mar.29.2023,Apr.26.2023,No,NA,NA,NA,NA,NA,0,0,1,0,1,1,0,1,1,0,1,1,0,1,1,0,2,0,0,0,0,0,2,0,0,0,0,0,1,NA,NA,NA,NA,NA,NA,NA,NA,NA,NA,NA,NA,NA,NA,NA,NA,NA,NA,NA,NA,NA,NA,NA,NA,NA,NA,NA,NA,NA,NA,NA,NA,NA,NA,NA,NA
1_070,433,1,No,Mar.28.2023,Apr.21.2023,No,NA,NA,NA,NA,0,0,0,1,1,0,1,1,1,0,1,1,1,0,1,0,1,2,0,0,0,0,0,0,1,NA,NA,NA,NA,NA,NA,NA,NA,NA,NA,NA,NA,NA,NA,NA,NA,NA,NA,NA,NA,NA,NA,NA,NA,NA,NA,NA,NA,NA,NA,NA,NA,NA,NA,NA,NA,NA,NA,NA,NA,NA
1_072,434,1,No,Mar.26.2023,Apr.16.2023,No,NA,NA,0,0,0,1,1,1,1,0,1,0,1,1,1,0,1,0,1,0,1,0,0,1,NA,NA,NA,NA,NA,NA,NA,NA,NA,NA,NA,NA,NA,NA,NA,NA,NA,NA,NA,NA,NA,NA,NA,NA,NA,NA,NA,NA,NA,NA,NA,NA,NA,NA,NA,NA,NA,NA,NA,NA,NA,NA,NA,NA,NA,NA
4_088,435,4,No,Mar.28.2023,Apr.21.2023,No,NA,NA,NA,NA,0,0,1,1,0,1,0,1,1,0,1,0,1,0,1,0,1,0,1,0,1,0,0,0,2,NA,NA,NA,NA,NA,NA,NA,NA,NA,NA,NA,NA,NA,NA,NA,NA,NA,NA,NA,NA,NA,NA,NA,NA,NA,NA,NA,NA,NA,NA,NA,NA,NA,NA,NA,NA,NA,NA,NA,NA,NA
1_143,436,1,No,Mar.28.2023,Apr.29.2023,No,NA,NA,NA,NA,0,0,1,0,1,1,0,1,1,1,0,1,1,0,1,1,0,1,0,0,1,0,0,0,0,0,0,0,0,0,0,0,1,NA,NA,NA,NA,NA,NA,NA,NA,NA,NA,NA,NA,NA,NA,NA,NA,NA,NA,NA,NA,NA,NA,NA,NA,NA,NA,NA,NA,NA,NA,NA,NA,NA
1_090,437,1,No,Mar.27.2023,May.04.2023,No,NA,NA,NA,0,0,0,1,1,0,1,1,0,1,1,0,1,1,0,1,0,1,1,0,0,1,0,0,0,0,0,0,0,0,0,0,0,0,0,0,0,0,1,NA,NA,NA,NA,NA,NA,NA,NA,NA,NA,NA,NA,NA,NA,NA,NA,NA,NA,NA,NA,NA,NA,NA,NA,NA,NA,NA,NA
4_096,441,4,No,Mar.30.2023,Apr.29.2023,No,NA,NA,NA,NA,NA,NA,0,0,0,1,0,1,0,1,0,1,0,0,1,0,1,0,0,1,0,1,0,0,1,0,1,0,1,0,0,0,1,NA,NA,NA,NA,NA,NA,NA,NA,NA,NA,NA,NA,NA,NA,NA,NA,NA,NA,NA,NA,NA,NA,NA,NA,NA,NA,NA,NA,NA,NA,NA,NA,NA
4_154,442,4,No,Mar.27.2023,May.03.2023,No,NA,NA,NA,0,0,0,1,1,0,1,0,1,1,0,1,0,1,0,1,0,1,0,1,0,1,0,0,0,0,1,0,1,0,0,0,0,0,0,0,0,1,NA,NA,NA,NA,NA,NA,NA,NA,NA,NA,NA,NA,NA,NA,NA,NA,NA,NA,NA,NA,NA,NA,NA,NA,NA,NA,NA,NA,NA
4_009,443,4,No,Mar.27.2023,Apr.22.2023,No,NA,NA,NA,0,0,0,1,1,0,1,0,1,1,0,1,0,1,0,0,1,0,1,0,1,0,1,0,0,0,1,NA,NA,NA,NA,NA,NA,NA,NA,NA,NA,NA,NA,NA,NA,NA,NA,NA,NA,NA,NA,NA,NA,NA,NA,NA,NA,NA,NA,NA,NA,NA,NA,NA,NA,NA,NA,NA,NA,NA,NA
4_168,444,4,No,Mar.28.2023,Apr.21.2023,No,NA,NA,NA,NA,0,0,0,1,1,0,1,0,1,0,1,0,1,0,1,0,2,0,1,0,0,1,0,0,1,NA,NA,NA,NA,NA,NA,NA,NA,NA,NA,NA,NA,NA,NA,NA,NA,NA,NA,NA,NA,NA,NA,NA,NA,NA,NA,NA,NA,NA,NA,NA,NA,NA,NA,NA,NA,NA,NA,NA,NA,NA
4_058,445,4,No,Mar.26.2023,Apr.23.2023,No,NA,NA,0,0,0,1,0,1,1,0,0,1,1,0,1,0,1,0,1,1,0,0,1,1,0,1,0,0,1,0,1,NA,NA,NA,NA,NA,NA,NA,NA,NA,NA,NA,NA,NA,NA,NA,NA,NA,NA,NA,NA,NA,NA,NA,NA,NA,NA,NA,NA,NA,NA,NA,NA,NA,NA,NA,NA,NA,NA,NA
4_123,446,4,No,Mar.28.2023,Apr.07.2023,Yes,NA,NA,NA,NA,0,0,0,1,0,1,0,1,1,0,1,NA,NA,NA,NA,NA,NA,NA,NA,NA,NA,NA,NA,NA,NA,NA,NA,NA,NA,NA,NA,NA,NA,NA,NA,NA,NA,NA,NA,NA,NA,NA,NA,NA,NA,NA,NA,NA,NA,NA,NA,NA,NA,NA,NA,NA,NA,NA,NA,NA,NA,NA,NA,NA,NA,NA
1_097,825,1,Yes,Mar.28.2023,Apr.16.2023,No,NA,NA,NA,NA,0,0,0,1,1,0,1,1,1,0,1,1,0,1,1,0,1,1,0,1,NA,NA,NA,NA,NA,NA,NA,NA,NA,NA,NA,NA,NA,NA,NA,NA,NA,NA,NA,NA,NA,NA,NA,NA,NA,NA,NA,NA,NA,NA,NA,NA,NA,NA,NA,NA,NA,NA,NA,NA,NA,NA,NA,NA,NA,NA
4_027,511,4,No,Mar.28.2023,Apr.22.2023,No,NA,NA,NA,NA,0,0,0,1,1,0,0,1,0,1,0,1,0,1,0,1,0,0,1,0,1,0,0,1,0,1,NA,NA,NA,NA,NA,NA,NA,NA,NA,NA,NA,NA,NA,NA,NA,NA,NA,NA,NA,NA,NA,NA,NA,NA,NA,NA,NA,NA,NA,NA,NA,NA,NA,NA,NA,NA,NA,NA,NA,NA
1_106,512,1,No,Mar.28.2023,Apr.19.2023,No,NA,NA,NA,NA,0,0,0,0,2,0,1,1,0,1,0,1,1,0,1,0,1,0,1,1,0,0,2,NA,NA,NA,NA,NA,NA,NA,NA,NA,NA,NA,NA,NA,NA,NA,NA,NA,NA,NA,NA,NA,NA,NA,NA,NA,NA,NA,NA,NA,NA,NA,NA,NA,NA,NA,NA,NA,NA,NA,NA,NA,NA,NA
4_039,513,4,No,Mar.27.2023,Apr.25.2023,No,NA,NA,NA,0,0,0,1,0,1,1,0,1,0,1,0,1,0,1,0,1,0,1,0,1,0,0,0,0,0,1,0,0,2,NA,NA,NA,NA,NA,NA,NA,NA,NA,NA,NA,NA,NA,NA,NA,NA,NA,NA,NA,NA,NA,NA,NA,NA,NA,NA,NA,NA,NA,NA,NA,NA,NA,NA,NA,NA,NA
1_038,514,1,No,Mar.28.2023,Apr.21.2023,No,NA,NA,NA,NA,0,0,0,1,1,1,0,1,0,1,0,1,1,0,1,0,1,0,2,0,0,0,0,0,1,NA,NA,NA,NA,NA,NA,NA,NA,NA,NA,NA,NA,NA,NA,NA,NA,NA,NA,NA,NA,NA,NA,NA,NA,NA,NA,NA,NA,NA,NA,NA,NA,NA,NA,NA,NA,NA,NA,NA,NA,NA
4_161,515,4,No,Mar.27.2023,Apr.23.2023,No,NA,NA,NA,0,0,0,1,0,1,1,0,1,0,1,0,1,0,1,0,1,0,1,0,1,0,1,0,0,0,0,1,NA,NA,NA,NA,NA,NA,NA,NA,NA,NA,NA,NA,NA,NA,NA,NA,NA,NA,NA,NA,NA,NA,NA,NA,NA,NA,NA,NA,NA,NA,NA,NA,NA,NA,NA,NA,NA,NA,NA
4_012,516,4,No,Mar.28.2023,Apr.20.2023,No,NA,NA,NA,NA,0,0,1,0,1,0,1,0,1,0,0,1,1,0,1,0,1,0,1,0,0,1,0,1,NA,NA,NA,NA,NA,NA,NA,NA,NA,NA,NA,NA,NA,NA,NA,NA,NA,NA,NA,NA,NA,NA,NA,NA,NA,NA,NA,NA,NA,NA,NA,NA,NA,NA,NA,NA,NA,NA,NA,NA,NA,NA
1_052,517,1,No,Mar.28.2023,Apr.19.2023,No,NA,NA,NA,NA,0,0,1,0,1,0,1,0,1,1,0,1,0,0,1,0,0,1,0,1,0,0,1,NA,NA,NA,NA,NA,NA,NA,NA,NA,NA,NA,NA,NA,NA,NA,NA,NA,NA,NA,NA,NA,NA,NA,NA,NA,NA,NA,NA,NA,NA,NA,NA,NA,NA,NA,NA,NA,NA,NA,NA,NA,NA,NA
1_160,521,1,No,Mar.28.2023,Apr.23.2023,No,NA,NA,NA,NA,0,0,0,1,0,1,1,0,1,0,1,1,0,1,1,0,1,0,1,0,1,0,1,0,0,0,1,NA,NA,NA,NA,NA,NA,NA,NA,NA,NA,NA,NA,NA,NA,NA,NA,NA,NA,NA,NA,NA,NA,NA,NA,NA,NA,NA,NA,NA,NA,NA,NA,NA,NA,NA,NA,NA,NA,NA
1_022,522,1,No,Mar.28.2023,Apr.23.2023,No,NA,NA,NA,NA,0,0,0,1,1,0,1,0,1,1,0,1,1,0,1,1,0,1,0,2,0,0,0,0,0,0,1,NA,NA,NA,NA,NA,NA,NA,NA,NA,NA,NA,NA,NA,NA,NA,NA,NA,NA,NA,NA,NA,NA,NA,NA,NA,NA,NA,NA,NA,NA,NA,NA,NA,NA,NA,NA,NA,NA,NA
1_147,523,1,No,Mar.27.2023,Apr.21.2023,No,NA,NA,NA,0,0,0,1,1,0,1,1,0,1,1,0,1,1,0,1,0,1,0,1,0,1,0,1,0,1,NA,NA,NA,NA,NA,NA,NA,NA,NA,NA,NA,NA,NA,NA,NA,NA,NA,NA,NA,NA,NA,NA,NA,NA,NA,NA,NA,NA,NA,NA,NA,NA,NA,NA,NA,NA,NA,NA,NA,NA,NA
1_107,524,1,No,Mar.30.2023,Apr.23.2023,No,NA,NA,NA,NA,NA,NA,0,0,1,1,0,1,1,0,1,1,0,1,1,0,1,1,0,0,1,1,0,0,1,0,1,NA,NA,NA,NA,NA,NA,NA,NA,NA,NA,NA,NA,NA,NA,NA,NA,NA,NA,NA,NA,NA,NA,NA,NA,NA,NA,NA,NA,NA,NA,NA,NA,NA,NA,NA,NA,NA,NA,NA
1_119,525,1,No,Mar.26.2023,Apr.21.2023,No,NA,NA,0,0,0,1,0,1,1,1,0,1,1,0,1,1,0,1,0,1,1,0,1,0,0,0,1,0,2,NA,NA,NA,NA,NA,NA,NA,NA,NA,NA,NA,NA,NA,NA,NA,NA,NA,NA,NA,NA,NA,NA,NA,NA,NA,NA,NA,NA,NA,NA,NA,NA,NA,NA,NA,NA,NA,NA,NA,NA,NA
1_099,526,1,No,Mar.27.2023,Apr.14.2023,No,NA,NA,NA,0,0,0,1,1,1,0,1,1,0,1,1,1,0,0,1,0,0,1,NA,NA,NA,NA,NA,NA,NA,NA,NA,NA,NA,NA,NA,NA,NA,NA,NA,NA,NA,NA,NA,NA,NA,NA,NA,NA,NA,NA,NA,NA,NA,NA,NA,NA,NA,NA,NA,NA,NA,NA,NA,NA,NA,NA,NA,NA,NA,NA
1_102,842,1,Yes,Mar.27.2023,Apr.05.2023,No,NA,NA,NA,0,0,0,1,0,1,1,1,0,1,NA,NA,NA,NA,NA,NA,NA,NA,NA,NA,NA,NA,NA,NA,NA,NA,NA,NA,NA,NA,NA,NA,NA,NA,NA,NA,NA,NA,NA,NA,NA,NA,NA,NA,NA,NA,NA,NA,NA,NA,NA,NA,NA,NA,NA,NA,NA,NA,NA,NA,NA,NA,NA,NA,NA,NA,NA
1_093,531,1,No,Mar.31.2023,Apr.25.2023,No,NA,NA,NA,NA,NA,NA,NA,0,0,0,1,0,1,1,0,1,1,0,1,1,0,1,0,1,0,1,0,1,0,0,0,0,1,NA,NA,NA,NA,NA,NA,NA,NA,NA,NA,NA,NA,NA,NA,NA,NA,NA,NA,NA,NA,NA,NA,NA,NA,NA,NA,NA,NA,NA,NA,NA,NA,NA,NA,NA,NA,NA
1_148,532,1,No,Mar.28.2023,Apr.17.2023,No,NA,NA,NA,NA,0,0,0,1,1,0,1,1,0,1,0,1,1,0,1,0,1,0,1,0,1,NA,NA,NA,NA,NA,NA,NA,NA,NA,NA,NA,NA,NA,NA,NA,NA,NA,NA,NA,NA,NA,NA,NA,NA,NA,NA,NA,NA,NA,NA,NA,NA,NA,NA,NA,NA,NA,NA,NA,NA,NA,NA,NA,NA,NA
1_041,533,1,No,Mar.28.2023,Apr.17.2023,Yes,NA,NA,NA,NA,0,0,0,1,1,1,0,1,1,0,1,1,0,1,1,0,1,0,1,0,1,NA,NA,NA,NA,NA,NA,NA,NA,NA,NA,NA,NA,NA,NA,NA,NA,NA,NA,NA,NA,NA,NA,NA,NA,NA,NA,NA,NA,NA,NA,NA,NA,NA,NA,NA,NA,NA,NA,NA,NA,NA,NA,NA,NA,NA
1_040,534,1,No,Mar.28.2023,Apr.25.2023,No,NA,NA,NA,NA,0,0,0,1,0,1,1,0,1,0,1,1,0,1,1,0,1,0,0,1,0,0,0,0,0,0,0,0,1,NA,NA,NA,NA,NA,NA,NA,NA,NA,NA,NA,NA,NA,NA,NA,NA,NA,NA,NA,NA,NA,NA,NA,NA,NA,NA,NA,NA,NA,NA,NA,NA,NA,NA,NA,NA,NA
1_002,535,1,No,Mar.26.2023,Apr.22.2023,No,NA,NA,0,0,0,1,0,1,1,1,0,1,0,1,1,0,1,0,1,1,0,1,0,1,0,0,0,2,0,1,NA,NA,NA,NA,NA,NA,NA,NA,NA,NA,NA,NA,NA,NA,NA,NA,NA,NA,NA,NA,NA,NA,NA,NA,NA,NA,NA,NA,NA,NA,NA,NA,NA,NA,NA,NA,NA,NA,NA,NA
1_030,536,1,No,Mar.29.2023,Apr.17.2023,No,NA,NA,NA,NA,NA,0,0,1,0,1,1,1,0,1,1,1,0,0,1,1,0,1,0,0,1,NA,NA,NA,NA,NA,NA,NA,NA,NA,NA,NA,NA,NA,NA,NA,NA,NA,NA,NA,NA,NA,NA,NA,NA,NA,NA,NA,NA,NA,NA,NA,NA,NA,NA,NA,NA,NA,NA,NA,NA,NA,NA,NA,NA,NA
1_082,537,1,No,Mar.29.2023,Apr.16.2023,No,NA,NA,NA,NA,NA,0,0,1,1,0,1,1,0,1,1,1,0,1,1,0,0,0,2,1,NA,NA,NA,NA,NA,NA,NA,NA,NA,NA,NA,NA,NA,NA,NA,NA,NA,NA,NA,NA,NA,NA,NA,NA,NA,NA,NA,NA,NA,NA,NA,NA,NA,NA,NA,NA,NA,NA,NA,NA,NA,NA,NA,NA,NA,NA
4_124,541,4,No,Mar.28.2023,Apr.25.2023,No,NA,NA,NA,NA,0,0,0,1,0,1,0,1,0,1,0,1,1,0,1,0,1,0,1,0,1,0,1,0,0,1,0,0,1,NA,NA,NA,NA,NA,NA,NA,NA,NA,NA,NA,NA,NA,NA,NA,NA,NA,NA,NA,NA,NA,NA,NA,NA,NA,NA,NA,NA,NA,NA,NA,NA,NA,NA,NA,NA,NA
4_092,542,4,No,Mar.29.2023,Apr.18.2023,No,NA,NA,NA,NA,NA,0,0,1,1,0,1,0,1,0,1,1,0,1,1,0,0,1,0,1,0,1,NA,NA,NA,NA,NA,NA,NA,NA,NA,NA,NA,NA,NA,NA,NA,NA,NA,NA,NA,NA,NA,NA,NA,NA,NA,NA,NA,NA,NA,NA,NA,NA,NA,NA,NA,NA,NA,NA,NA,NA,NA,NA,NA,NA
1_158,543,1,No,Mar.30.2023,Apr.26.2023,No,NA,NA,NA,NA,NA,NA,0,0,1,1,0,1,1,0,1,1,1,0,1,1,0,1,1,0,0,1,0,0,0,0,0,0,0,1,NA,NA,NA,NA,NA,NA,NA,NA,NA,NA,NA,NA,NA,NA,NA,NA,NA,NA,NA,NA,NA,NA,NA,NA,NA,NA,NA,NA,NA,NA,NA,NA,NA,NA,NA,NA
1_045,544,1,No,Mar.28.2023,Apr.21.2023,Yes,NA,NA,NA,NA,0,0,0,1,1,0,1,0,1,0,1,1,0,1,1,0,1,0,1,0,1,0,1,2,1,NA,NA,NA,NA,NA,NA,NA,NA,NA,NA,NA,NA,NA,NA,NA,NA,NA,NA,NA,NA,NA,NA,NA,NA,NA,NA,NA,NA,NA,NA,NA,NA,NA,NA,NA,NA,NA,NA,NA,NA,NA
4_007,545,4,No,Mar.27.2023,Apr.19.2023,No,NA,NA,NA,0,0,0,1,0,1,1,0,1,0,1,0,1,0,1,0,1,0,1,0,0,0,0,1,NA,NA,NA,NA,NA,NA,NA,NA,NA,NA,NA,NA,NA,NA,NA,NA,NA,NA,NA,NA,NA,NA,NA,NA,NA,NA,NA,NA,NA,NA,NA,NA,NA,NA,NA,NA,NA,NA,NA,NA,NA,NA,NA
4_109,546,4,No,Mar.29.2023,May.01.2023,No,NA,NA,NA,NA,NA,0,0,0,1,1,0,0,1,0,1,1,0,1,0,1,0,1,0,1,0,1,0,0,1,0,0,0,1,0,1,0,1,0,2,NA,NA,NA,NA,NA,NA,NA,NA,NA,NA,NA,NA,NA,NA,NA,NA,NA,NA,NA,NA,NA,NA,NA,NA,NA,NA,NA,NA,NA,NA,NA
4_028,547,4,No,Mar.27.2023,Apr.25.2023,No,NA,NA,NA,0,0,0,1,0,1,0,1,0,1,0,1,0,1,0,1,0,1,0,1,0,1,0,0,0,1,0,0,0,2,NA,NA,NA,NA,NA,NA,NA,NA,NA,NA,NA,NA,NA,NA,NA,NA,NA,NA,NA,NA,NA,NA,NA,NA,NA,NA,NA,NA,NA,NA,NA,NA,NA,NA,NA,NA,NA
1_092,611,1,No,Mar.30.2023,Apr.24.2023,No,NA,NA,NA,NA,NA,NA,0,0,0,1,0,1,1,1,0,1,1,1,0,1,1,0,1,0,0,1,0,0,0,0,0,1,NA,NA,NA,NA,NA,NA,NA,NA,NA,NA,NA,NA,NA,NA,NA,NA,NA,NA,NA,NA,NA,NA,NA,NA,NA,NA,NA,NA,NA,NA,NA,NA,NA,NA,NA,NA,NA,NA
1_047,612,1,No,Mar.30.2023,Apr.18.2023,No,NA,NA,NA,NA,NA,NA,0,0,1,0,1,1,1,0,1,1,1,0,1,1,0,1,2,1,0,1,NA,NA,NA,NA,NA,NA,NA,NA,NA,NA,NA,NA,NA,NA,NA,NA,NA,NA,NA,NA,NA,NA,NA,NA,NA,NA,NA,NA,NA,NA,NA,NA,NA,NA,NA,NA,NA,NA,NA,NA,NA,NA,NA,NA
1_104,447,1,Yes,Mar.27.2023,Apr.09.2023,No,NA,NA,NA,0,0,0,1,1,0,1,1,0,1,1,0,1,1,NA,NA,NA,NA,NA,NA,NA,NA,NA,NA,NA,NA,NA,NA,NA,NA,NA,NA,NA,NA,NA,NA,NA,NA,NA,NA,NA,NA,NA,NA,NA,NA,NA,NA,NA,NA,NA,NA,NA,NA,NA,NA,NA,NA,NA,NA,NA,NA,NA,NA,NA,NA,NA
1_089,614,1,No,Mar.29.2023,Apr.25.2023,No,NA,NA,NA,NA,NA,0,0,1,0,1,1,0,1,1,1,1,0,1,1,0,1,0,1,0,0,0,0,0,0,0,0,0,1,NA,NA,NA,NA,NA,NA,NA,NA,NA,NA,NA,NA,NA,NA,NA,NA,NA,NA,NA,NA,NA,NA,NA,NA,NA,NA,NA,NA,NA,NA,NA,NA,NA,NA,NA,NA,NA
1_151,615,1,No,Mar.28.2023,Apr.13.2023,Yes,NA,NA,NA,NA,0,0,1,0,1,1,0,2,0,1,1,1,0,1,0,1,1,NA,NA,NA,NA,NA,NA,NA,NA,NA,NA,NA,NA,NA,NA,NA,NA,NA,NA,NA,NA,NA,NA,NA,NA,NA,NA,NA,NA,NA,NA,NA,NA,NA,NA,NA,NA,NA,NA,NA,NA,NA,NA,NA,NA,NA,NA,NA,NA,NA
1_007,616,1,No,Mar.26.2023,May.12.2023,No,NA,NA,0,0,0,1,0,1,1,0,1,1,1,0,1,1,1,0,1,0,1,0,2,1,0,0,0,0,0,0,0,0,0,0,0,0,0,0,1,1,1,0,1,0,1,1,0,1,0,1,NA,NA,NA,NA,NA,NA,NA,NA,NA,NA,NA,NA,NA,NA,NA,NA,NA,NA,NA,NA
1_067,617,1,No,Mar.27.2023,Apr.21.2023,No,NA,NA,NA,0,0,0,1,0,1,0,1,1,0,1,1,1,0,1,0,1,0,1,0,1,0,1,0,0,1,NA,NA,NA,NA,NA,NA,NA,NA,NA,NA,NA,NA,NA,NA,NA,NA,NA,NA,NA,NA,NA,NA,NA,NA,NA,NA,NA,NA,NA,NA,NA,NA,NA,NA,NA,NA,NA,NA,NA,NA,NA
4_031,621,4,No,Mar.29.2023,Apr.25.2023,No,NA,NA,NA,NA,NA,0,0,1,0,1,0,1,1,0,1,1,0,1,0,1,0,1,0,1,0,1,0,1,0,0,0,0,1,NA,NA,NA,NA,NA,NA,NA,NA,NA,NA,NA,NA,NA,NA,NA,NA,NA,NA,NA,NA,NA,NA,NA,NA,NA,NA,NA,NA,NA,NA,NA,NA,NA,NA,NA,NA,NA
4_125,622,4,No,Mar.30.2023,Apr.25.2023,No,NA,NA,NA,NA,NA,NA,0,0,1,0,1,1,0,1,1,0,1,0,1,1,0,1,0,1,0,1,0,1,0,1,0,0,1,NA,NA,NA,NA,NA,NA,NA,NA,NA,NA,NA,NA,NA,NA,NA,NA,NA,NA,NA,NA,NA,NA,NA,NA,NA,NA,NA,NA,NA,NA,NA,NA,NA,NA,NA,NA,NA
1_125,623,1,No,Mar.28.2023,Apr.24.2023,No,NA,NA,NA,NA,0,0,0,1,1,0,1,1,1,0,1,1,1,0,1,1,0,1,0,1,0,0,0,0,1,0,1,1,NA,NA,NA,NA,NA,NA,NA,NA,NA,NA,NA,NA,NA,NA,NA,NA,NA,NA,NA,NA,NA,NA,NA,NA,NA,NA,NA,NA,NA,NA,NA,NA,NA,NA,NA,NA,NA,NA
4_034,624,4,No,Mar.28.2023,Apr.25.2023,No,NA,NA,NA,NA,0,0,0,1,1,0,1,0,1,1,0,1,1,0,1,1,0,1,0,1,0,1,0,1,0,0,1,0,1,NA,NA,NA,NA,NA,NA,NA,NA,NA,NA,NA,NA,NA,NA,NA,NA,NA,NA,NA,NA,NA,NA,NA,NA,NA,NA,NA,NA,NA,NA,NA,NA,NA,NA,NA,NA,NA
4_095,625,4,No,Mar.27.2023,Apr.20.2023,No,NA,NA,NA,0,0,0,1,0,1,1,0,1,0,1,0,1,1,0,1,0,1,0,1,0,0,0,0,1,NA,NA,NA,NA,NA,NA,NA,NA,NA,NA,NA,NA,NA,NA,NA,NA,NA,NA,NA,NA,NA,NA,NA,NA,NA,NA,NA,NA,NA,NA,NA,NA,NA,NA,NA,NA,NA,NA,NA,NA,NA,NA
4_022,626,4,No,Mar.29.2023,May.08.2023,No,NA,NA,NA,NA,NA,0,0,0,1,1,0,1,0,1,1,0,1,1,0,1,0,1,0,1,0,1,0,1,0,0,0,0,2,0,0,0,0,0,0,0,0,0,0,0,0,1,NA,NA,NA,NA,NA,NA,NA,NA,NA,NA,NA,NA,NA,NA,NA,NA,NA,NA,NA,NA,NA,NA,NA,NA
1_087,627,1,No,Mar.29.2023,Apr.24.2023,No,NA,NA,NA,NA,NA,0,0,1,0,1,1,0,1,1,1,1,0,1,1,0,1,0,1,0,0,0,0,0,0,0,0,1,NA,NA,NA,NA,NA,NA,NA,NA,NA,NA,NA,NA,NA,NA,NA,NA,NA,NA,NA,NA,NA,NA,NA,NA,NA,NA,NA,NA,NA,NA,NA,NA,NA,NA,NA,NA,NA,NA
1_161,631,1,No,Mar.28.2023,Apr.03.2023,No,NA,NA,NA,NA,0,0,0,1,0,1,1,NA,NA,NA,NA,NA,NA,NA,NA,NA,NA,NA,NA,NA,NA,NA,NA,NA,NA,NA,NA,NA,NA,NA,NA,NA,NA,NA,NA,NA,NA,NA,NA,NA,NA,NA,NA,NA,NA,NA,NA,NA,NA,NA,NA,NA,NA,NA,NA,NA,NA,NA,NA,NA,NA,NA,NA,NA,NA,NA
1_004,632,1,No,Mar.28.2023,May.07.2023,No,NA,NA,NA,NA,0,0,0,1,1,0,1,1,0,1,1,1,0,0,1,0,0,1,1,0,0,0,0,0,0,1,1,0,1,1,1,0,1,1,0,1,0,1,0,0,1,NA,NA,NA,NA,NA,NA,NA,NA,NA,NA,NA,NA,NA,NA,NA,NA,NA,NA,NA,NA,NA,NA,NA,NA,NA
4_094,633,4,No,Mar.28.2023,Apr.23.2023,No,NA,NA,NA,NA,0,0,0,1,1,0,1,0,1,1,0,1,0,1,1,0,1,0,1,0,1,0,1,0,0,0,1,NA,NA,NA,NA,NA,NA,NA,NA,NA,NA,NA,NA,NA,NA,NA,NA,NA,NA,NA,NA,NA,NA,NA,NA,NA,NA,NA,NA,NA,NA,NA,NA,NA,NA,NA,NA,NA,NA,NA
4_023,634,4,No,Mar.29.2023,Apr.24.2023,No,NA,NA,NA,NA,NA,0,0,1,0,1,1,0,1,0,1,1,0,1,0,1,0,1,0,1,0,1,0,0,1,0,0,1,NA,NA,NA,NA,NA,NA,NA,NA,NA,NA,NA,NA,NA,NA,NA,NA,NA,NA,NA,NA,NA,NA,NA,NA,NA,NA,NA,NA,NA,NA,NA,NA,NA,NA,NA,NA,NA,NA
4_053,635,4,No,Mar.28.2023,Apr.21.2023,No,NA,NA,NA,NA,0,0,0,1,1,0,1,0,1,1,0,1,0,1,1,0,1,0,1,0,0,1,0,0,1,NA,NA,NA,NA,NA,NA,NA,NA,NA,NA,NA,NA,NA,NA,NA,NA,NA,NA,NA,NA,NA,NA,NA,NA,NA,NA,NA,NA,NA,NA,NA,NA,NA,NA,NA,NA,NA,NA,NA,NA,NA
1_162,636,1,No,Mar.28.2023,May.12.2023,No,NA,NA,NA,NA,0,0,1,0,1,1,0,1,1,1,1,0,1,1,0,1,1,0,1,0,1,0,1,0,0,0,0,0,0,0,0,0,0,0,0,0,0,0,0,0,0,0,0,0,1,1,NA,NA,NA,NA,NA,NA,NA,NA,NA,NA,NA,NA,NA,NA,NA,NA,NA,NA,NA,NA
4_038,637,4,No,Mar.27.2023,Apr.21.2023,No,NA,NA,NA,0,0,0,1,0,0,1,1,0,1,0,1,0,1,1,0,1,0,1,0,0,1,0,1,0,1,NA,NA,NA,NA,NA,NA,NA,NA,NA,NA,NA,NA,NA,NA,NA,NA,NA,NA,NA,NA,NA,NA,NA,NA,NA,NA,NA,NA,NA,NA,NA,NA,NA,NA,NA,NA,NA,NA,NA,NA,NA
1_021,641,1,No,Mar.31.2023,May.15.2023,No,NA,NA,NA,NA,NA,NA,NA,0,0,1,0,1,0,1,1,1,1,0,1,1,0,1,1,0,1,0,1,0,2,1,0,0,0,0,0,0,0,1,0,0,1,0,1,0,0,1,0,1,0,0,1,0,1,NA,NA,NA,NA,NA,NA,NA,NA,NA,NA,NA,NA,NA,NA,NA,NA,NA
4_046,642,4,No,Mar.26.2023,Apr.20.2023,No,NA,NA,0,0,0,0,1,1,0,1,0,1,0,0,0,1,0,1,1,0,0,1,1,0,0,1,0,1,NA,NA,NA,NA,NA,NA,NA,NA,NA,NA,NA,NA,NA,NA,NA,NA,NA,NA,NA,NA,NA,NA,NA,NA,NA,NA,NA,NA,NA,NA,NA,NA,NA,NA,NA,NA,NA,NA,NA,NA,NA,NA
4_008,643,4,No,Mar.29.2023,Apr.25.2023,No,NA,NA,NA,NA,NA,0,0,0,1,0,1,0,1,1,0,1,0,1,0,1,0,1,1,0,1,0,0,1,0,1,0,0,1,NA,NA,NA,NA,NA,NA,NA,NA,NA,NA,NA,NA,NA,NA,NA,NA,NA,NA,NA,NA,NA,NA,NA,NA,NA,NA,NA,NA,NA,NA,NA,NA,NA,NA,NA,NA,NA
1_115,644,1,No,Mar.28.2023,Apr.20.2023,No,NA,NA,NA,NA,0,0,0,1,1,0,1,1,1,0,1,1,1,0,1,1,0,1,1,0,0,0,0,1,NA,NA,NA,NA,NA,NA,NA,NA,NA,NA,NA,NA,NA,NA,NA,NA,NA,NA,NA,NA,NA,NA,NA,NA,NA,NA,NA,NA,NA,NA,NA,NA,NA,NA,NA,NA,NA,NA,NA,NA,NA,NA
1_116,645,1,No,Mar.26.2023,May.07.2023,No,NA,NA,0,0,0,1,1,0,1,1,0,1,1,0,1,1,1,1,0,1,0,1,0,1,0,0,0,1,0,1,0,1,0,1,1,0,1,1,0,1,1,0,1,0,1,NA,NA,NA,NA,NA,NA,NA,NA,NA,NA,NA,NA,NA,NA,NA,NA,NA,NA,NA,NA,NA,NA,NA,NA,NA
1_029,646,1,No,Mar.29.2023,Apr.28.2023,Yes,NA,NA,NA,NA,NA,0,0,1,0,1,1,0,1,1,1,1,1,0,1,1,0,1,0,1,0,1,0,0,1,0,0,0,0,0,0,1,NA,NA,NA,NA,NA,NA,NA,NA,NA,NA,NA,NA,NA,NA,NA,NA,NA,NA,NA,NA,NA,NA,NA,NA,NA,NA,NA,NA,NA,NA,NA,NA,NA,NA
1_118,135,1,Yes,Mar.27.2023,Apr.22.2023,No,NA,NA,NA,0,0,1,0,1,1,0,1,1,0,1,1,0,1,0,1,1,0,0,1,0,1,0,0,1,0,1,NA,NA,NA,NA,NA,NA,NA,NA,NA,NA,NA,NA,NA,NA,NA,NA,NA,NA,NA,NA,NA,NA,NA,NA,NA,NA,NA,NA,NA,NA,NA,NA,NA,NA,NA,NA,NA,NA,NA,NA
1_138,725,1,Yes,NA,NA,No,NA,NA,NA,NA,NA,NA,NA,NA,NA,NA,NA,NA,NA,NA,NA,NA,NA,NA,NA,NA,NA,NA,NA,NA,NA,NA,NA,NA,NA,NA,NA,NA,NA,NA,NA,NA,NA,NA,NA,NA,NA,NA,NA,NA,NA,NA,NA,NA,NA,NA,NA,NA,NA,NA,NA,NA,NA,NA,NA,NA,NA,NA,NA,NA,NA,NA,NA,NA,NA,NA
1_124,712,1,No,Mar.29.2023,Apr.21.2023,No,NA,NA,NA,NA,NA,0,0,1,0,1,1,0,1,0,1,1,1,0,1,0,1,0,0,1,0,0,0,0,1,NA,NA,NA,NA,NA,NA,NA,NA,NA,NA,NA,NA,NA,NA,NA,NA,NA,NA,NA,NA,NA,NA,NA,NA,NA,NA,NA,NA,NA,NA,NA,NA,NA,NA,NA,NA,NA,NA,NA,NA,NA
1_066,713,1,No,Mar.28.2023,Apr.24.2023,No,NA,NA,NA,NA,0,0,1,0,1,1,0,1,1,0,1,1,0,1,0,1,0,1,1,0,1,0,0,1,0,0,0,1,NA,NA,NA,NA,NA,NA,NA,NA,NA,NA,NA,NA,NA,NA,NA,NA,NA,NA,NA,NA,NA,NA,NA,NA,NA,NA,NA,NA,NA,NA,NA,NA,NA,NA,NA,NA,NA,NA
4_021,824,4,Yes,Mar.24.2023,Mar.29.2023,No,0,0,0,1,0,1,NA,NA,NA,NA,NA,NA,NA,NA,NA,NA,NA,NA,NA,NA,NA,NA,NA,NA,NA,NA,NA,NA,NA,NA,NA,NA,NA,NA,NA,NA,NA,NA,NA,NA,NA,NA,NA,NA,NA,NA,NA,NA,NA,NA,NA,NA,NA,NA,NA,NA,NA,NA,NA,NA,NA,NA,NA,NA,NA,NA,NA,NA,NA,NA
4_106,715,4,No,Mar.27.2023,Apr.28.2023,No,NA,NA,NA,0,0,0,1,0,1,1,0,0,1,1,0,1,0,1,0,1,0,1,1,0,0,1,0,1,0,0,0,0,0,1,0,2,NA,NA,NA,NA,NA,NA,NA,NA,NA,NA,NA,NA,NA,NA,NA,NA,NA,NA,NA,NA,NA,NA,NA,NA,NA,NA,NA,NA,NA,NA,NA,NA,NA,NA
1_136,716,1,No,Mar.27.2023,Apr.17.2023,No,NA,NA,NA,0,0,0,1,1,1,0,1,1,0,1,1,0,1,0,1,1,0,1,0,0,1,NA,NA,NA,NA,NA,NA,NA,NA,NA,NA,NA,NA,NA,NA,NA,NA,NA,NA,NA,NA,NA,NA,NA,NA,NA,NA,NA,NA,NA,NA,NA,NA,NA,NA,NA,NA,NA,NA,NA,NA,NA,NA,NA,NA,NA
1_101,717,1,No,Mar.28.2023,Apr.14.2023,No,NA,NA,NA,NA,0,0,1,0,1,1,0,1,1,0,1,1,0,1,0,0,0,2,NA,NA,NA,NA,NA,NA,NA,NA,NA,NA,NA,NA,NA,NA,NA,NA,NA,NA,NA,NA,NA,NA,NA,NA,NA,NA,NA,NA,NA,NA,NA,NA,NA,NA,NA,NA,NA,NA,NA,NA,NA,NA,NA,NA,NA,NA,NA,NA
4_042,613,4,Yes,Mar.29.2023,Apr.05.2023,No,NA,NA,NA,NA,NA,0,0,1,1,0,1,0,1,NA,NA,NA,NA,NA,NA,NA,NA,NA,NA,NA,NA,NA,NA,NA,NA,NA,NA,NA,NA,NA,NA,NA,NA,NA,NA,NA,NA,NA,NA,NA,NA,NA,NA,NA,NA,NA,NA,NA,NA,NA,NA,NA,NA,NA,NA,NA,NA,NA,NA,NA,NA,NA,NA,NA,NA,NA
4_139,722,4,No,Mar.28.2023,Apr.25.2023,No,NA,NA,NA,NA,0,0,0,1,1,0,1,0,1,1,0,1,0,1,1,0,1,0,1,0,1,0,1,0,1,0,1,0,1,NA,NA,NA,NA,NA,NA,NA,NA,NA,NA,NA,NA,NA,NA,NA,NA,NA,NA,NA,NA,NA,NA,NA,NA,NA,NA,NA,NA,NA,NA,NA,NA,NA,NA,NA,NA,NA
4_076,723,4,No,Mar.29.2023,Apr.20.2023,No,NA,NA,NA,NA,NA,0,0,1,0,1,1,0,1,0,1,1,0,1,0,1,0,1,0,1,0,1,0,1,NA,NA,NA,NA,NA,NA,NA,NA,NA,NA,NA,NA,NA,NA,NA,NA,NA,NA,NA,NA,NA,NA,NA,NA,NA,NA,NA,NA,NA,NA,NA,NA,NA,NA,NA,NA,NA,NA,NA,NA,NA,NA
1_026,724,1,No,Mar.27.2023,Apr.18.2023,No,NA,NA,NA,0,0,0,1,1,0,1,1,1,0,1,1,0,1,0,1,0,0,1,0,0,0,2,NA,NA,NA,NA,NA,NA,NA,NA,NA,NA,NA,NA,NA,NA,NA,NA,NA,NA,NA,NA,NA,NA,NA,NA,NA,NA,NA,NA,NA,NA,NA,NA,NA,NA,NA,NA,NA,NA,NA,NA,NA,NA,NA,NA
4_055,721,4,Yes,Mar.30.2023,Apr.18.2023,No,NA,NA,NA,NA,NA,NA,0,0,0,1,0,1,0,1,0,1,0,1,0,1,2,1,0,1,0,1,NA,NA,NA,NA,NA,NA,NA,NA,NA,NA,NA,NA,NA,NA,NA,NA,NA,NA,NA,NA,NA,NA,NA,NA,NA,NA,NA,NA,NA,NA,NA,NA,NA,NA,NA,NA,NA,NA,NA,NA,NA,NA,NA,NA
4_001,726,4,No,Mar.28.2023,Apr.18.2023,No,NA,NA,NA,NA,0,0,1,0,1,1,0,1,0,1,1,0,1,0,1,1,1,0,1,0,0,1,NA,NA,NA,NA,NA,NA,NA,NA,NA,NA,NA,NA,NA,NA,NA,NA,NA,NA,NA,NA,NA,NA,NA,NA,NA,NA,NA,NA,NA,NA,NA,NA,NA,NA,NA,NA,NA,NA,NA,NA,NA,NA,NA,NA
4_165,727,4,No,Mar.28.2023,Apr.18.2023,No,NA,NA,NA,NA,0,0,1,0,1,0,1,1,0,1,0,1,1,0,1,0,1,0,1,0,0,1,NA,NA,NA,NA,NA,NA,NA,NA,NA,NA,NA,NA,NA,NA,NA,NA,NA,NA,NA,NA,NA,NA,NA,NA,NA,NA,NA,NA,NA,NA,NA,NA,NA,NA,NA,NA,NA,NA,NA,NA,NA,NA,NA,NA
4_060,737,4,Yes,Mar.29.2023,NA,No,NA,NA,NA,NA,NA,0,0,NA,NA,NA,NA,NA,NA,NA,NA,NA,NA,NA,NA,NA,NA,NA,NA,NA,NA,NA,NA,NA,NA,NA,NA,NA,NA,NA,NA,NA,NA,NA,NA,NA,NA,NA,NA,NA,NA,NA,NA,NA,NA,NA,NA,NA,NA,NA,NA,NA,NA,NA,NA,NA,NA,NA,NA,NA,NA,NA,NA,NA,NA,NA
4_152,732,4,No,Mar.29.2023,Apr.23.2023,No,NA,NA,NA,NA,NA,0,0,0,1,1,0,1,0,1,1,0,1,0,1,1,0,1,0,1,0,1,0,1,0,0,1,NA,NA,NA,NA,NA,NA,NA,NA,NA,NA,NA,NA,NA,NA,NA,NA,NA,NA,NA,NA,NA,NA,NA,NA,NA,NA,NA,NA,NA,NA,NA,NA,NA,NA,NA,NA,NA,NA,NA
4_073,324,4,Yes,Mar.28.2023,NA,No,NA,NA,NA,NA,NA,NA,NA,NA,NA,NA,NA,NA,NA,NA,NA,NA,NA,NA,NA,NA,NA,NA,NA,NA,NA,NA,NA,NA,NA,NA,NA,NA,NA,NA,NA,NA,NA,NA,NA,NA,NA,NA,NA,NA,NA,NA,NA,NA,NA,NA,NA,NA,NA,NA,NA,NA,NA,NA,NA,NA,NA,NA,NA,NA,NA,NA,NA,NA,NA,NA
1_057,734,1,No,Mar.28.2023,Apr.23.2023,No,NA,NA,NA,NA,0,0,1,0,1,1,1,0,1,1,1,0,1,0,1,1,0,1,0,0,0,1,1,0,0,0,1,NA,NA,NA,NA,NA,NA,NA,NA,NA,NA,NA,NA,NA,NA,NA,NA,NA,NA,NA,NA,NA,NA,NA,NA,NA,NA,NA,NA,NA,NA,NA,NA,NA,NA,NA,NA,NA,NA,NA
4_004,735,4,No,Mar.28.2023,Apr.30.2023,Yes,NA,NA,NA,NA,0,0,0,1,1,0,1,0,1,0,1,1,0,1,0,1,0,1,0,1,0,1,0,0,0,0,0,0,1,0,0,0,0,1,NA,NA,NA,NA,NA,NA,NA,NA,NA,NA,NA,NA,NA,NA,NA,NA,NA,NA,NA,NA,NA,NA,NA,NA,NA,NA,NA,NA,NA,NA,NA,NA
4_033,736,4,No,Mar.26.2023,Apr.20.2023,No,NA,NA,0,0,0,1,0,1,0,1,1,0,1,0,1,1,0,1,0,1,0,1,0,1,0,0,1,1,NA,NA,NA,NA,NA,NA,NA,NA,NA,NA,NA,NA,NA,NA,NA,NA,NA,NA,NA,NA,NA,NA,NA,NA,NA,NA,NA,NA,NA,NA,NA,NA,NA,NA,NA,NA,NA,NA,NA,NA,NA,NA
4_079,1012,4,Yes,NA,NA,No,NA,NA,NA,NA,NA,NA,NA,NA,NA,NA,NA,NA,NA,NA,NA,NA,NA,NA,NA,NA,NA,NA,NA,NA,NA,NA,NA,NA,NA,NA,NA,NA,NA,NA,NA,NA,NA,NA,NA,NA,NA,NA,NA,NA,NA,NA,NA,NA,NA,NA,NA,NA,NA,NA,NA,NA,NA,NA,NA,NA,NA,NA,NA,NA,NA,NA,NA,NA,NA,NA
1_114,741,1,No,Mar.29.2023,Apr.09.2023,Yes,NA,NA,NA,NA,NA,0,1,0,1,0,1,0,1,1,0,1,1,NA,NA,NA,NA,NA,NA,NA,NA,NA,NA,NA,NA,NA,NA,NA,NA,NA,NA,NA,NA,NA,NA,NA,NA,NA,NA,NA,NA,NA,NA,NA,NA,NA,NA,NA,NA,NA,NA,NA,NA,NA,NA,NA,NA,NA,NA,NA,NA,NA,NA,NA,NA,NA
4_052,742,4,No,Mar.28.2023,Apr.23.2023,No,NA,NA,NA,NA,0,0,1,0,1,0,1,0,1,0,1,1,0,0,1,1,0,1,0,0,1,0,1,0,1,0,1,NA,NA,NA,NA,NA,NA,NA,NA,NA,NA,NA,NA,NA,NA,NA,NA,NA,NA,NA,NA,NA,NA,NA,NA,NA,NA,NA,NA,NA,NA,NA,NA,NA,NA,NA,NA,NA,NA,NA
4_105,743,4,No,Mar.28.2023,Apr.23.2023,No,NA,NA,NA,NA,0,0,1,1,0,1,0,1,0,1,0,1,1,0,1,0,0,1,1,0,0,0,0,0,0,1,1,NA,NA,NA,NA,NA,NA,NA,NA,NA,NA,NA,NA,NA,NA,NA,NA,NA,NA,NA,NA,NA,NA,NA,NA,NA,NA,NA,NA,NA,NA,NA,NA,NA,NA,NA,NA,NA,NA,NA
4_064,744,4,No,Mar.27.2023,Apr.20.2023,No,NA,NA,NA,0,0,0,1,0,1,1,0,1,0,1,1,0,1,0,0,1,0,1,0,1,0,0,0,2,NA,NA,NA,NA,NA,NA,NA,NA,NA,NA,NA,NA,NA,NA,NA,NA,NA,NA,NA,NA,NA,NA,NA,NA,NA,NA,NA,NA,NA,NA,NA,NA,NA,NA,NA,NA,NA,NA,NA,NA,NA,NA
1_144,745,1,No,Mar.28.2023,Apr.21.2023,No,NA,NA,NA,NA,0,0,1,0,1,1,0,1,1,1,0,1,1,0,1,0,1,1,1,0,0,0,0,2,1,NA,NA,NA,NA,NA,NA,NA,NA,NA,NA,NA,NA,NA,NA,NA,NA,NA,NA,NA,NA,NA,NA,NA,NA,NA,NA,NA,NA,NA,NA,NA,NA,NA,NA,NA,NA,NA,NA,NA,NA,NA
1_146,746,1,No,Mar.26.2023,Apr.09.2023,Yes,NA,NA,0,0,0,1,1,0,1,1,0,1,1,0,1,0,1,NA,NA,NA,NA,NA,NA,NA,NA,NA,NA,NA,NA,NA,NA,NA,NA,NA,NA,NA,NA,NA,NA,NA,NA,NA,NA,NA,NA,NA,NA,NA,NA,NA,NA,NA,NA,NA,NA,NA,NA,NA,NA,NA,NA,NA,NA,NA,NA,NA,NA,NA,NA,NA
4_020,747,4,No,Mar.28.2023,Apr.22.2023,No,NA,NA,NA,NA,0,0,1,0,2,0,1,0,1,0,1,0,1,0,1,0,1,0,1,0,0,1,0,1,0,1,NA,NA,NA,NA,NA,NA,NA,NA,NA,NA,NA,NA,NA,NA,NA,NA,NA,NA,NA,NA,NA,NA,NA,NA,NA,NA,NA,NA,NA,NA,NA,NA,NA,NA,NA,NA,NA,NA,NA,NA
4_135,811,4,No,Mar.30.2023,May.17.2023,No,NA,NA,NA,NA,NA,NA,0,0,1,0,1,0,0,0,1,0,1,0,1,0,1,0,1,0,0,1,0,0,1,0,1,0,0,1,0,1,0,0,1,0,0,0,0,0,0,0,0,0,0,0,0,0,0,0,1,NA,NA,NA,NA,NA,NA,NA,NA,NA,NA,NA,NA,NA,NA,NA
1_074,812,1,No,Mar.28.2023,Apr.22.2023,No,NA,NA,NA,NA,0,0,0,1,1,1,0,1,1,0,1,1,0,1,1,0,1,2,0,0,0,0,0,0,0,1,NA,NA,NA,NA,NA,NA,NA,NA,NA,NA,NA,NA,NA,NA,NA,NA,NA,NA,NA,NA,NA,NA,NA,NA,NA,NA,NA,NA,NA,NA,NA,NA,NA,NA,NA,NA,NA,NA,NA,NA
1_050,813,1,No,Mar.28.2023,Apr.20.2023,No,NA,NA,NA,NA,0,0,0,1,1,1,0,1,1,0,1,1,0,1,1,0,1,0,1,1,0,1,0,2,NA,NA,NA,NA,NA,NA,NA,NA,NA,NA,NA,NA,NA,NA,NA,NA,NA,NA,NA,NA,NA,NA,NA,NA,NA,NA,NA,NA,NA,NA,NA,NA,NA,NA,NA,NA,NA,NA,NA,NA,NA,NA
4_138,814,4,No,Mar.27.2023,Apr.17.2023,No,NA,NA,NA,0,0,0,1,1,0,1,0,1,1,0,0,1,1,0,1,0,1,0,1,0,1,NA,NA,NA,NA,NA,NA,NA,NA,NA,NA,NA,NA,NA,NA,NA,NA,NA,NA,NA,NA,NA,NA,NA,NA,NA,NA,NA,NA,NA,NA,NA,NA,NA,NA,NA,NA,NA,NA,NA,NA,NA,NA,NA,NA,NA
4_083,815,4,No,Mar.30.2023,May.06.2023,No,NA,NA,NA,NA,NA,NA,0,1,0,1,0,1,1,0,1,0,1,0,1,0,1,0,1,0,1,0,1,0,1,0,0,0,1,0,0,0,0,0,0,0,0,0,0,1,NA,NA,NA,NA,NA,NA,NA,NA,NA,NA,NA,NA,NA,NA,NA,NA,NA,NA,NA,NA,NA,NA,NA,NA,NA,NA
4_080,714,4,Yes,Mar.28.2023,Apr.08.2023,No,NA,NA,NA,NA,0,0,0,1,1,0,1,0,1,0,1,1,NA,NA,NA,NA,NA,NA,NA,NA,NA,NA,NA,NA,NA,NA,NA,NA,NA,NA,NA,NA,NA,NA,NA,NA,NA,NA,NA,NA,NA,NA,NA,NA,NA,NA,NA,NA,NA,NA,NA,NA,NA,NA,NA,NA,NA,NA,NA,NA,NA,NA,NA,NA,NA,NA
1_058,817,1,No,Mar.30.2023,Apr.27.2023,No,NA,NA,NA,NA,NA,NA,0,0,1,0,1,1,1,0,1,1,0,1,1,0,1,1,0,1,0,1,0,1,0,0,0,0,1,0,2,NA,NA,NA,NA,NA,NA,NA,NA,NA,NA,NA,NA,NA,NA,NA,NA,NA,NA,NA,NA,NA,NA,NA,NA,NA,NA,NA,NA,NA,NA,NA,NA,NA,NA,NA
1_123,821,1,No,Mar.30.2023,Apr.20.2023,No,NA,NA,NA,NA,NA,NA,0,0,0,1,1,0,1,1,0,1,1,0,1,1,0,1,2,0,0,0,0,1,NA,NA,NA,NA,NA,NA,NA,NA,NA,NA,NA,NA,NA,NA,NA,NA,NA,NA,NA,NA,NA,NA,NA,NA,NA,NA,NA,NA,NA,NA,NA,NA,NA,NA,NA,NA,NA,NA,NA,NA,NA,NA
4_082,227,4,Yes,NA,NA,No,NA,NA,NA,NA,NA,NA,NA,NA,NA,NA,NA,NA,NA,NA,NA,NA,NA,NA,NA,NA,NA,NA,NA,NA,NA,NA,NA,NA,NA,NA,NA,NA,NA,NA,NA,NA,NA,NA,NA,NA,NA,NA,NA,NA,NA,NA,NA,NA,NA,NA,NA,NA,NA,NA,NA,NA,NA,NA,NA,NA,NA,NA,NA,NA,NA,NA,NA,NA,NA,NA
1_020,823,1,No,Mar.30.2023,Apr.24.2023,No,NA,NA,NA,NA,NA,NA,0,0,1,1,0,1,1,0,1,1,1,0,1,0,2,0,0,1,1,0,0,2,0,1,1,1,NA,NA,NA,NA,NA,NA,NA,NA,NA,NA,NA,NA,NA,NA,NA,NA,NA,NA,NA,NA,NA,NA,NA,NA,NA,NA,NA,NA,NA,NA,NA,NA,NA,NA,NA,NA,NA,NA
4_098,221,4,Yes,Mar.28.2023,Apr.14.2023,No,NA,NA,NA,NA,0,0,0,1,0,1,0,1,0,1,0,1,0,1,0,1,0,1,NA,NA,NA,NA,NA,NA,NA,NA,NA,NA,NA,NA,NA,NA,NA,NA,NA,NA,NA,NA,NA,NA,NA,NA,NA,NA,NA,NA,NA,NA,NA,NA,NA,NA,NA,NA,NA,NA,NA,NA,NA,NA,NA,NA,NA,NA,NA,NA
4_099,711,4,Yes,Mar.29.2023,Apr.28.2023,No,NA,NA,NA,NA,NA,0,0,0,1,1,0,0,1,1,0,1,0,1,1,0,1,0,1,0,1,0,1,0,1,0,1,0,0,0,0,2,NA,NA,NA,NA,NA,NA,NA,NA,NA,NA,NA,NA,NA,NA,NA,NA,NA,NA,NA,NA,NA,NA,NA,NA,NA,NA,NA,NA,NA,NA,NA,NA,NA,NA
4_056,826,4,No,Mar.30.2023,Apr.22.2023,No,NA,NA,NA,NA,NA,NA,0,1,1,0,1,0,1,1,0,1,0,1,1,0,1,0,1,0,1,0,0,0,0,1,NA,NA,NA,NA,NA,NA,NA,NA,NA,NA,NA,NA,NA,NA,NA,NA,NA,NA,NA,NA,NA,NA,NA,NA,NA,NA,NA,NA,NA,NA,NA,NA,NA,NA,NA,NA,NA,NA,NA,NA
4_116,816,4,Yes,NA,NA,No,NA,NA,NA,NA,NA,NA,NA,NA,NA,NA,NA,NA,NA,NA,NA,NA,NA,NA,NA,NA,NA,NA,NA,NA,NA,NA,NA,NA,NA,NA,NA,NA,NA,NA,NA,NA,NA,NA,NA,NA,NA,NA,NA,NA,NA,NA,NA,NA,NA,NA,NA,NA,NA,NA,NA,NA,NA,NA,NA,NA,NA,NA,NA,NA,NA,NA,NA,NA,NA,NA
4_131,831,4,No,Mar.30.2023,Apr.20.2023,No,NA,NA,NA,NA,NA,NA,0,1,0,1,1,0,1,0,1,0,1,0,1,0,1,0,1,0,1,0,0,1,NA,NA,NA,NA,NA,NA,NA,NA,NA,NA,NA,NA,NA,NA,NA,NA,NA,NA,NA,NA,NA,NA,NA,NA,NA,NA,NA,NA,NA,NA,NA,NA,NA,NA,NA,NA,NA,NA,NA,NA,NA,NA
4_102,832,4,No,Mar.27.2023,Apr.24.2023,No,NA,NA,NA,0,0,0,1,1,0,1,0,1,0,1,0,1,0,1,0,1,0,1,0,1,0,1,0,0,1,0,0,1,NA,NA,NA,NA,NA,NA,NA,NA,NA,NA,NA,NA,NA,NA,NA,NA,NA,NA,NA,NA,NA,NA,NA,NA,NA,NA,NA,NA,NA,NA,NA,NA,NA,NA,NA,NA,NA,NA
1_131,833,1,No,Mar.29.2023,Apr.19.2023,No,NA,NA,NA,NA,NA,0,0,1,1,0,1,1,1,0,1,1,1,0,1,0,1,1,0,1,0,0,1,NA,NA,NA,NA,NA,NA,NA,NA,NA,NA,NA,NA,NA,NA,NA,NA,NA,NA,NA,NA,NA,NA,NA,NA,NA,NA,NA,NA,NA,NA,NA,NA,NA,NA,NA,NA,NA,NA,NA,NA,NA,NA,NA
1_157,834,1,No,Mar.26.2023,Apr.18.2023,No,NA,NA,0,0,0,1,0,1,1,1,0,1,1,1,0,1,1,0,1,0,1,0,1,0,0,1,NA,NA,NA,NA,NA,NA,NA,NA,NA,NA,NA,NA,NA,NA,NA,NA,NA,NA,NA,NA,NA,NA,NA,NA,NA,NA,NA,NA,NA,NA,NA,NA,NA,NA,NA,NA,NA,NA,NA,NA,NA,NA,NA,NA
4_145,835,4,No,Mar.29.2023,Apr.23.2023,No,NA,NA,NA,NA,NA,0,0,1,0,1,1,0,1,1,0,1,1,0,1,0,1,0,1,1,0,0,1,0,1,0,1,NA,NA,NA,NA,NA,NA,NA,NA,NA,NA,NA,NA,NA,NA,NA,NA,NA,NA,NA,NA,NA,NA,NA,NA,NA,NA,NA,NA,NA,NA,NA,NA,NA,NA,NA,NA,NA,NA,NA
4_051,836,4,No,Mar.29.2023,May.08.2023,No,NA,NA,NA,NA,NA,0,0,1,0,1,0,1,1,0,1,1,0,1,0,1,1,0,1,0,1,0,0,0,1,0,1,0,0,0,0,0,0,0,0,0,0,1,0,0,0,1,NA,NA,NA,NA,NA,NA,NA,NA,NA,NA,NA,NA,NA,NA,NA,NA,NA,NA,NA,NA,NA,NA,NA,NA
4_049,837,4,No,Mar.26.2023,May.03.2023,No,NA,NA,0,0,0,1,0,1,1,0,1,1,0,1,0,1,1,0,1,0,1,0,1,0,1,0,0,1,0,0,1,0,0,0,0,0,0,0,0,0,1,NA,NA,NA,NA,NA,NA,NA,NA,NA,NA,NA,NA,NA,NA,NA,NA,NA,NA,NA,NA,NA,NA,NA,NA,NA,NA,NA,NA,NA
1_001,841,1,No,Mar.29.2023,Apr.17.2023,No,NA,NA,NA,NA,NA,0,1,0,1,0,1,1,0,1,1,0,1,2,0,0,0,1,1,0,1,NA,NA,NA,NA,NA,NA,NA,NA,NA,NA,NA,NA,NA,NA,NA,NA,NA,NA,NA,NA,NA,NA,NA,NA,NA,NA,NA,NA,NA,NA,NA,NA,NA,NA,NA,NA,NA,NA,NA,NA,NA,NA,NA,NA,NA
4_133,527,4,Yes,Mar.27.2023,Apr.02.2023,No,NA,NA,NA,0,0,0,1,0,0,2,NA,NA,NA,NA,NA,NA,NA,NA,NA,NA,NA,NA,NA,NA,NA,NA,NA,NA,NA,NA,NA,NA,NA,NA,NA,NA,NA,NA,NA,NA,NA,NA,NA,NA,NA,NA,NA,NA,NA,NA,NA,NA,NA,NA,NA,NA,NA,NA,NA,NA,NA,NA,NA,NA,NA,NA,NA,NA,NA,NA
1_084,843,1,No,Mar.30.2023,Apr.24.2023,No,NA,NA,NA,NA,NA,NA,0,0,1,1,0,1,1,0,1,1,1,0,1,1,0,1,1,0,1,0,1,0,1,0,1,1,NA,NA,NA,NA,NA,NA,NA,NA,NA,NA,NA,NA,NA,NA,NA,NA,NA,NA,NA,NA,NA,NA,NA,NA,NA,NA,NA,NA,NA,NA,NA,NA,NA,NA,NA,NA,NA,NA
4_070,844,4,No,Mar.27.2023,Apr.21.2023,No,NA,NA,NA,0,0,0,1,1,0,1,0,1,1,0,1,1,0,1,1,0,0,1,0,1,0,0,0,0,2,NA,NA,NA,NA,NA,NA,NA,NA,NA,NA,NA,NA,NA,NA,NA,NA,NA,NA,NA,NA,NA,NA,NA,NA,NA,NA,NA,NA,NA,NA,NA,NA,NA,NA,NA,NA,NA,NA,NA,NA,NA
4_121,845,4,No,Mar.27.2023,Apr.19.2023,No,NA,NA,NA,0,0,0,1,1,0,1,0,1,1,0,1,0,1,0,1,0,1,1,0,0,1,0,1,NA,NA,NA,NA,NA,NA,NA,NA,NA,NA,NA,NA,NA,NA,NA,NA,NA,NA,NA,NA,NA,NA,NA,NA,NA,NA,NA,NA,NA,NA,NA,NA,NA,NA,NA,NA,NA,NA,NA,NA,NA,NA,NA
4_127,846,4,No,Mar.27.2023,Apr.24.2023,No,NA,NA,NA,0,0,0,1,1,0,1,0,1,1,0,1,0,1,0,1,0,1,0,1,0,1,0,0,0,0,0,1,1,NA,NA,NA,NA,NA,NA,NA,NA,NA,NA,NA,NA,NA,NA,NA,NA,NA,NA,NA,NA,NA,NA,NA,NA,NA,NA,NA,NA,NA,NA,NA,NA,NA,NA,NA,NA,NA,NA
4_036,847,4,No,Mar.27.2023,May.08.2023,No,NA,NA,NA,0,0,0,0,1,1,0,1,0,1,1,0,1,0,1,0,1,1,0,1,0,1,0,0,1,0,0,0,0,1,0,1,0,1,0,1,0,0,0,1,0,1,1,NA,NA,NA,NA,NA,NA,NA,NA,NA,NA,NA,NA,NA,NA,NA,NA,NA,NA,NA,NA,NA,NA,NA,NA
4_117,911,4,No,Mar.29.2023,Apr.26.2023,No,NA,NA,NA,NA,NA,0,0,0,1,1,0,1,0,1,0,1,1,0,1,0,1,0,1,0,1,0,1,0,1,0,1,0,0,1,NA,NA,NA,NA,NA,NA,NA,NA,NA,NA,NA,NA,NA,NA,NA,NA,NA,NA,NA,NA,NA,NA,NA,NA,NA,NA,NA,NA,NA,NA,NA,NA,NA,NA,NA,NA
1_037,912,1,No,Mar.30.2023,Apr.21.2023,No,NA,NA,NA,NA,NA,NA,0,0,1,0,1,1,0,1,1,0,1,1,0,1,0,1,1,0,0,1,0,0,2,NA,NA,NA,NA,NA,NA,NA,NA,NA,NA,NA,NA,NA,NA,NA,NA,NA,NA,NA,NA,NA,NA,NA,NA,NA,NA,NA,NA,NA,NA,NA,NA,NA,NA,NA,NA,NA,NA,NA,NA,NA
4_072,913,4,No,Mar.29.2023,Apr.23.2023,No,NA,NA,NA,NA,NA,0,0,1,0,1,0,1,1,0,1,1,0,1,1,0,1,0,1,0,1,0,0,1,0,0,1,NA,NA,NA,NA,NA,NA,NA,NA,NA,NA,NA,NA,NA,NA,NA,NA,NA,NA,NA,NA,NA,NA,NA,NA,NA,NA,NA,NA,NA,NA,NA,NA,NA,NA,NA,NA,NA,NA,NA
1_064,914,1,No,Mar.28.2023,Apr.21.2023,No,NA,NA,NA,NA,0,0,0,1,1,1,0,1,0,1,0,1,0,1,1,1,0,1,1,0,1,0,1,0,1,NA,NA,NA,NA,NA,NA,NA,NA,NA,NA,NA,NA,NA,NA,NA,NA,NA,NA,NA,NA,NA,NA,NA,NA,NA,NA,NA,NA,NA,NA,NA,NA,NA,NA,NA,NA,NA,NA,NA,NA,NA
4_137,915,4,No,Mar.27.2023,Apr.20.2023,No,NA,NA,NA,0,0,0,1,0,1,0,1,1,0,1,0,1,0,1,1,0,1,0,1,0,1,0,1,1,NA,NA,NA,NA,NA,NA,NA,NA,NA,NA,NA,NA,NA,NA,NA,NA,NA,NA,NA,NA,NA,NA,NA,NA,NA,NA,NA,NA,NA,NA,NA,NA,NA,NA,NA,NA,NA,NA,NA,NA,NA,NA
4_163,916,4,No,Mar.27.2023,Apr.21.2023,No,NA,NA,NA,0,0,1,0,1,0,1,0,1,1,0,1,0,1,1,0,1,0,1,0,0,1,0,0,0,1,NA,NA,NA,NA,NA,NA,NA,NA,NA,NA,NA,NA,NA,NA,NA,NA,NA,NA,NA,NA,NA,NA,NA,NA,NA,NA,NA,NA,NA,NA,NA,NA,NA,NA,NA,NA,NA,NA,NA,NA,NA
4_141,917,4,No,Mar.28.2023,Apr.22.2023,No,NA,NA,NA,NA,0,0,0,1,0,1,0,1,0,1,0,1,0,1,0,1,0,1,0,1,0,1,0,0,1,1,NA,NA,NA,NA,NA,NA,NA,NA,NA,NA,NA,NA,NA,NA,NA,NA,NA,NA,NA,NA,NA,NA,NA,NA,NA,NA,NA,NA,NA,NA,NA,NA,NA,NA,NA,NA,NA,NA,NA,NA
4_059,921,4,No,Mar.29.2023,May.10.2023,No,NA,NA,NA,NA,NA,0,0,0,1,0,1,1,0,1,0,1,1,0,1,0,1,0,1,0,1,1,0,0,1,0,1,0,1,0,0,0,0,0,0,0,0,0,0,0,0,0,0,1,NA,NA,NA,NA,NA,NA,NA,NA,NA,NA,NA,NA,NA,NA,NA,NA,NA,NA,NA,NA,NA,NA
4_104,922,4,No,Mar.29.2023,Apr.26.2023,No,NA,NA,NA,NA,NA,0,0,0,1,1,0,1,0,1,1,0,0,1,0,1,0,1,0,0,1,0,1,0,1,0,1,0,0,1,NA,NA,NA,NA,NA,NA,NA,NA,NA,NA,NA,NA,NA,NA,NA,NA,NA,NA,NA,NA,NA,NA,NA,NA,NA,NA,NA,NA,NA,NA,NA,NA,NA,NA,NA,NA
1_024,923,1,No,Mar.29.2023,Apr.27.2023,No,NA,NA,NA,NA,NA,0,0,0,1,1,0,1,1,0,1,1,0,1,0,1,1,0,1,0,1,1,0,0,1,0,1,0,0,0,1,NA,NA,NA,NA,NA,NA,NA,NA,NA,NA,NA,NA,NA,NA,NA,NA,NA,NA,NA,NA,NA,NA,NA,NA,NA,NA,NA,NA,NA,NA,NA,NA,NA,NA,NA
4_032,924,4,No,Mar.27.2023,Apr.19.2023,No,NA,NA,NA,0,0,0,1,0,1,1,0,1,0,1,0,1,1,0,1,1,0,0,1,0,1,0,1,NA,NA,NA,NA,NA,NA,NA,NA,NA,NA,NA,NA,NA,NA,NA,NA,NA,NA,NA,NA,NA,NA,NA,NA,NA,NA,NA,NA,NA,NA,NA,NA,NA,NA,NA,NA,NA,NA,NA,NA,NA,NA,NA
1_135,925,1,No,Mar.27.2023,Apr.24.2023,No,NA,NA,NA,0,0,0,1,1,1,0,1,1,0,1,1,0,1,1,1,0,1,0,0,0,1,1,0,2,1,0,1,2,NA,NA,NA,NA,NA,NA,NA,NA,NA,NA,NA,NA,NA,NA,NA,NA,NA,NA,NA,NA,NA,NA,NA,NA,NA,NA,NA,NA,NA,NA,NA,NA,NA,NA,NA,NA,NA,NA
1_032,926,1,No,Mar.27.2023,May.07.2023,No,NA,NA,NA,0,0,0,1,0,1,1,0,1,1,1,0,1,1,0,1,1,1,0,1,0,1,1,0,1,0,0,0,1,0,1,0,1,1,0,1,1,0,1,1,0,2,NA,NA,NA,NA,NA,NA,NA,NA,NA,NA,NA,NA,NA,NA,NA,NA,NA,NA,NA,NA,NA,NA,NA,NA,NA
1_155,927,1,No,Mar.29.2023,May.02.2023,No,NA,NA,NA,NA,NA,0,0,0,1,1,0,1,0,1,1,0,1,1,0,1,0,0,1,1,0,0,0,2,0,0,0,0,0,0,0,0,0,0,0,1,NA,NA,NA,NA,NA,NA,NA,NA,NA,NA,NA,NA,NA,NA,NA,NA,NA,NA,NA,NA,NA,NA,NA,NA,NA,NA,NA,NA,NA,NA
1_117,931,1,No,Mar.30.2023,Apr.24.2023,No,NA,NA,NA,NA,NA,NA,0,0,1,0,1,0,1,1,0,1,1,0,1,1,0,1,1,0,1,0,1,0,1,0,0,1,NA,NA,NA,NA,NA,NA,NA,NA,NA,NA,NA,NA,NA,NA,NA,NA,NA,NA,NA,NA,NA,NA,NA,NA,NA,NA,NA,NA,NA,NA,NA,NA,NA,NA,NA,NA,NA,NA
1_152,932,1,No,Mar.27.2023,Apr.20.2023,No,NA,NA,NA,0,0,0,1,1,0,1,1,0,1,1,0,1,0,0,1,1,0,1,0,1,0,0,0,2,NA,NA,NA,NA,NA,NA,NA,NA,NA,NA,NA,NA,NA,NA,NA,NA,NA,NA,NA,NA,NA,NA,NA,NA,NA,NA,NA,NA,NA,NA,NA,NA,NA,NA,NA,NA,NA,NA,NA,NA,NA,NA
4_143,933,4,No,Mar.27.2023,Apr.22.2023,No,NA,NA,NA,0,0,0,0,1,1,0,1,1,0,1,1,0,1,0,1,0,1,0,1,0,1,0,1,0,0,1,NA,NA,NA,NA,NA,NA,NA,NA,NA,NA,NA,NA,NA,NA,NA,NA,NA,NA,NA,NA,NA,NA,NA,NA,NA,NA,NA,NA,NA,NA,NA,NA,NA,NA,NA,NA,NA,NA,NA,NA
1_034,934,1,No,Mar.28.2023,Apr.08.2023,No,NA,NA,NA,NA,0,0,0,1,1,0,1,1,0,1,1,1,NA,NA,NA,NA,NA,NA,NA,NA,NA,NA,NA,NA,NA,NA,NA,NA,NA,NA,NA,NA,NA,NA,NA,NA,NA,NA,NA,NA,NA,NA,NA,NA,NA,NA,NA,NA,NA,NA,NA,NA,NA,NA,NA,NA,NA,NA,NA,NA,NA,NA,NA,NA,NA,NA
4_016,935,4,No,Mar.29.2023,May.12.2023,No,NA,NA,NA,NA,NA,0,0,0,1,1,0,1,1,0,1,1,0,1,0,1,0,1,1,0,1,0,0,0,0,1,0,0,0,0,0,0,0,0,0,0,0,0,0,0,0,0,0,0,0,1,NA,NA,NA,NA,NA,NA,NA,NA,NA,NA,NA,NA,NA,NA,NA,NA,NA,NA,NA,NA
1_109,936,1,No,Mar.26.2023,Apr.21.2023,No,NA,NA,0,0,0,1,0,1,1,1,0,1,0,1,1,0,1,1,0,1,0,1,0,0,1,0,1,0,1,NA,NA,NA,NA,NA,NA,NA,NA,NA,NA,NA,NA,NA,NA,NA,NA,NA,NA,NA,NA,NA,NA,NA,NA,NA,NA,NA,NA,NA,NA,NA,NA,NA,NA,NA,NA,NA,NA,NA,NA,NA
4_066,937,4,No,Mar.27.2023,Apr.20.2023,No,NA,NA,NA,0,0,0,0,1,1,0,1,0,1,0,1,0,1,0,1,0,0,1,1,0,1,0,0,1,NA,NA,NA,NA,NA,NA,NA,NA,NA,NA,NA,NA,NA,NA,NA,NA,NA,NA,NA,NA,NA,NA,NA,NA,NA,NA,NA,NA,NA,NA,NA,NA,NA,NA,NA,NA,NA,NA,NA,NA,NA,NA
4_011,941,4,No,Mar.30.2023,May.01.2023,No,NA,NA,NA,NA,NA,NA,0,0,1,0,0,1,1,0,1,1,0,1,0,1,0,1,0,1,0,1,0,0,1,0,1,0,0,1,0,1,0,0,1,NA,NA,NA,NA,NA,NA,NA,NA,NA,NA,NA,NA,NA,NA,NA,NA,NA,NA,NA,NA,NA,NA,NA,NA,NA,NA,NA,NA,NA,NA,NA
1_154,942,1,No,Mar.31.2023,Apr.27.2023,No,NA,NA,NA,NA,NA,NA,NA,0,0,1,0,1,1,0,1,1,0,1,1,1,0,1,1,0,0,1,0,0,1,0,1,0,0,0,1,NA,NA,NA,NA,NA,NA,NA,NA,NA,NA,NA,NA,NA,NA,NA,NA,NA,NA,NA,NA,NA,NA,NA,NA,NA,NA,NA,NA,NA,NA,NA,NA,NA,NA,NA
4_081,943,4,No,Mar.30.2023,Apr.26.2023,No,NA,NA,NA,NA,NA,NA,0,0,0,1,0,1,1,1,0,1,1,0,1,0,1,0,1,0,1,0,1,0,1,0,1,0,0,1,NA,NA,NA,NA,NA,NA,NA,NA,NA,NA,NA,NA,NA,NA,NA,NA,NA,NA,NA,NA,NA,NA,NA,NA,NA,NA,NA,NA,NA,NA,NA,NA,NA,NA,NA,NA
1_165,944,1,No,Mar.30.2023,Apr.21.2023,No,NA,NA,NA,NA,NA,NA,0,0,0,1,0,2,0,1,0,1,1,1,0,1,1,0,1,0,1,1,0,0,1,NA,NA,NA,NA,NA,NA,NA,NA,NA,NA,NA,NA,NA,NA,NA,NA,NA,NA,NA,NA,NA,NA,NA,NA,NA,NA,NA,NA,NA,NA,NA,NA,NA,NA,NA,NA,NA,NA,NA,NA,NA
4_158,945,4,No,Mar.28.2023,Apr.21.2023,No,NA,NA,NA,NA,0,0,0,1,0,1,1,0,0,0,1,0,1,0,1,1,0,1,0,1,0,1,0,0,1,NA,NA,NA,NA,NA,NA,NA,NA,NA,NA,NA,NA,NA,NA,NA,NA,NA,NA,NA,NA,NA,NA,NA,NA,NA,NA,NA,NA,NA,NA,NA,NA,NA,NA,NA,NA,NA,NA,NA,NA,NA
4_043,946,4,No,Mar.29.2023,Apr.24.2023,No,NA,NA,NA,NA,NA,0,0,0,1,1,0,1,0,1,0,0,1,0,1,0,1,0,1,0,1,0,1,0,0,1,0,1,NA,NA,NA,NA,NA,NA,NA,NA,NA,NA,NA,NA,NA,NA,NA,NA,NA,NA,NA,NA,NA,NA,NA,NA,NA,NA,NA,NA,NA,NA,NA,NA,NA,NA,NA,NA,NA,NA
1_110,947,1,No,Mar.30.2023,Apr.20.2023,No,NA,NA,NA,NA,NA,NA,0,0,0,1,0,1,1,1,0,1,1,1,0,1,1,1,0,1,0,1,0,2,NA,NA,NA,NA,NA,NA,NA,NA,NA,NA,NA,NA,NA,NA,NA,NA,NA,NA,NA,NA,NA,NA,NA,NA,NA,NA,NA,NA,NA,NA,NA,NA,NA,NA,NA,NA,NA,NA,NA,NA,NA,NA
1_096,1011,1,No,Mar.30.2023,Apr.21.2023,No,NA,NA,NA,NA,NA,NA,0,0,0,1,0,1,1,0,1,0,1,1,0,1,0,1,1,0,0,1,0,0,1,NA,NA,NA,NA,NA,NA,NA,NA,NA,NA,NA,NA,NA,NA,NA,NA,NA,NA,NA,NA,NA,NA,NA,NA,NA,NA,NA,NA,NA,NA,NA,NA,NA,NA,NA,NA,NA,NA,NA,NA,NA
4_156,827,4,Yes,NA,NA,No,NA,NA,NA,NA,NA,NA,NA,NA,NA,NA,NA,NA,NA,NA,NA,NA,NA,NA,NA,NA,NA,NA,NA,NA,NA,NA,NA,NA,NA,NA,NA,NA,NA,NA,NA,NA,NA,NA,NA,NA,NA,NA,NA,NA,NA,NA,NA,NA,NA,NA,NA,NA,NA,NA,NA,NA,NA,NA,NA,NA,NA,NA,NA,NA,NA,NA,NA,NA,NA,NA
4_085,1013,4,No,Mar.26.2023,Apr.23.2023,No,NA,NA,0,0,0,1,0,1,1,0,1,0,1,0,0,1,1,0,1,0,0,1,0,1,0,1,0,1,0,0,1,NA,NA,NA,NA,NA,NA,NA,NA,NA,NA,NA,NA,NA,NA,NA,NA,NA,NA,NA,NA,NA,NA,NA,NA,NA,NA,NA,NA,NA,NA,NA,NA,NA,NA,NA,NA,NA,NA,NA
1_105,1014,1,No,Mar.28.2023,Apr.18.2023,No,NA,NA,NA,NA,0,0,1,0,1,1,0,1,1,0,0,1,1,0,1,0,1,0,1,0,0,1,NA,NA,NA,NA,NA,NA,NA,NA,NA,NA,NA,NA,NA,NA,NA,NA,NA,NA,NA,NA,NA,NA,NA,NA,NA,NA,NA,NA,NA,NA,NA,NA,NA,NA,NA,NA,NA,NA,NA,NA,NA,NA,NA,NA
4_122,1015,4,No,Mar.28.2023,Apr.27.2023,No,NA,NA,NA,NA,0,0,1,0,1,0,1,0,1,0,1,1,0,1,0,1,0,1,0,0,1,0,1,0,0,0,0,0,0,0,1,NA,NA,NA,NA,NA,NA,NA,NA,NA,NA,NA,NA,NA,NA,NA,NA,NA,NA,NA,NA,NA,NA,NA,NA,NA,NA,NA,NA,NA,NA,NA,NA,NA,NA,NA
1_159,1016,1,No,Mar.29.2023,Apr.19.2023,No,NA,NA,NA,NA,NA,0,0,1,1,0,1,1,0,1,1,0,1,1,0,1,1,1,0,0,1,0,2,NA,NA,NA,NA,NA,NA,NA,NA,NA,NA,NA,NA,NA,NA,NA,NA,NA,NA,NA,NA,NA,NA,NA,NA,NA,NA,NA,NA,NA,NA,NA,NA,NA,NA,NA,NA,NA,NA,NA,NA,NA,NA,NA
4_097,1017,4,No,Mar.28.2023,Apr.25.2023,No,NA,NA,NA,NA,0,0,0,1,2,0,1,0,1,0,1,0,1,0,1,0,1,0,1,0,1,0,1,0,0,1,0,0,1,NA,NA,NA,NA,NA,NA,NA,NA,NA,NA,NA,NA,NA,NA,NA,NA,NA,NA,NA,NA,NA,NA,NA,NA,NA,NA,NA,NA,NA,NA,NA,NA,NA,NA,NA,NA,NA
1_166,1021,1,No,Mar.29.2023,Apr.19.2023,No,NA,NA,NA,NA,NA,0,0,0,1,1,0,1,1,0,1,0,1,0,0,1,1,0,1,0,1,0,1,NA,NA,NA,NA,NA,NA,NA,NA,NA,NA,NA,NA,NA,NA,NA,NA,NA,NA,NA,NA,NA,NA,NA,NA,NA,NA,NA,NA,NA,NA,NA,NA,NA,NA,NA,NA,NA,NA,NA,NA,NA,NA,NA
4_074,1022,4,No,Mar.28.2023,May.15.2023,No,NA,NA,NA,NA,0,0,0,1,1,0,1,0,1,1,0,1,0,1,1,0,1,0,1,0,1,0,1,0,0,0,1,0,0,0,0,0,0,0,0,1,0,0,1,0,1,0,1,0,1,0,1,0,1,NA,NA,NA,NA,NA,NA,NA,NA,NA,NA,NA,NA,NA,NA,NA,NA,NA
1_095,1023,1,No,Mar.27.2023,Apr.25.2023,No,NA,NA,NA,0,0,0,1,0,2,0,1,0,1,0,1,1,1,0,1,1,0,1,0,1,0,2,0,0,0,0,0,0,1,NA,NA,NA,NA,NA,NA,NA,NA,NA,NA,NA,NA,NA,NA,NA,NA,NA,NA,NA,NA,NA,NA,NA,NA,NA,NA,NA,NA,NA,NA,NA,NA,NA,NA,NA,NA,NA
1_028,1024,1,No,Mar.28.2023,Apr.19.2023,No,NA,NA,NA,NA,0,0,0,1,1,1,0,1,1,0,1,1,0,1,0,1,0,1,0,1,0,0,1,NA,NA,NA,NA,NA,NA,NA,NA,NA,NA,NA,NA,NA,NA,NA,NA,NA,NA,NA,NA,NA,NA,NA,NA,NA,NA,NA,NA,NA,NA,NA,NA,NA,NA,NA,NA,NA,NA,NA,NA,NA,NA,NA
1_008,1025,1,No,Mar.28.2023,Apr.21.2023,No,NA,NA,NA,NA,0,0,0,1,1,0,1,1,0,1,1,0,1,0,1,1,0,1,1,1,0,0,0,0,1,NA,NA,NA,NA,NA,NA,NA,NA,NA,NA,NA,NA,NA,NA,NA,NA,NA,NA,NA,NA,NA,NA,NA,NA,NA,NA,NA,NA,NA,NA,NA,NA,NA,NA,NA,NA,NA,NA,NA,NA,NA
4_090,1026,4,No,Mar.28.2023,Apr.22.2023,No,NA,NA,NA,NA,0,0,0,1,1,0,1,0,1,0,1,0,1,0,1,1,0,1,0,0,1,0,1,0,1,1,NA,NA,NA,NA,NA,NA,NA,NA,NA,NA,NA,NA,NA,NA,NA,NA,NA,NA,NA,NA,NA,NA,NA,NA,NA,NA,NA,NA,NA,NA,NA,NA,NA,NA,NA,NA,NA,NA,NA,NA
1_163,1027,1,No,Mar.28.2023,May.15.2023,No,NA,NA,NA,NA,0,0,0,1,1,1,0,1,0,1,1,0,1,1,0,1,0,1,1,0,0,1,0,0,0,0,1,0,0,1,1,1,0,1,0,1,1,0,1,0,1,0,1,0,1,0,0,0,1,NA,NA,NA,NA,NA,NA,NA,NA,NA,NA,NA,NA,NA,NA,NA,NA,NA
1_039,1031,1,No,Mar.26.2023,Apr.25.2023,No,NA,NA,0,0,0,1,0,1,1,0,1,0,1,0,1,1,0,1,1,0,1,0,1,0,1,0,2,0,0,0,0,0,1,NA,NA,NA,NA,NA,NA,NA,NA,NA,NA,NA,NA,NA,NA,NA,NA,NA,NA,NA,NA,NA,NA,NA,NA,NA,NA,NA,NA,NA,NA,NA,NA,NA,NA,NA,NA,NA
1_167,1032,1,No,Mar.29.2023,Apr.26.2023,No,NA,NA,NA,NA,NA,0,0,0,1,1,0,1,1,0,1,1,0,1,0,1,0,0,1,0,1,0,1,0,0,1,0,1,0,1,NA,NA,NA,NA,NA,NA,NA,NA,NA,NA,NA,NA,NA,NA,NA,NA,NA,NA,NA,NA,NA,NA,NA,NA,NA,NA,NA,NA,NA,NA,NA,NA,NA,NA,NA,NA
1_012,1033,1,No,Mar.28.2023,Apr.24.2023,No,NA,NA,NA,NA,0,0,1,0,1,1,0,1,1,0,1,1,0,1,1,0,1,0,1,0,1,0,0,0,0,0,0,1,NA,NA,NA,NA,NA,NA,NA,NA,NA,NA,NA,NA,NA,NA,NA,NA,NA,NA,NA,NA,NA,NA,NA,NA,NA,NA,NA,NA,NA,NA,NA,NA,NA,NA,NA,NA,NA,NA
1_068,1034,1,No,Mar.28.2023,Apr.16.2023,No,NA,NA,NA,NA,0,0,1,0,1,1,0,1,1,0,1,1,0,0,1,0,1,0,2,1,NA,NA,NA,NA,NA,NA,NA,NA,NA,NA,NA,NA,NA,NA,NA,NA,NA,NA,NA,NA,NA,NA,NA,NA,NA,NA,NA,NA,NA,NA,NA,NA,NA,NA,NA,NA,NA,NA,NA,NA,NA,NA,NA,NA,NA,NA
4_045,1035,4,No,Mar.27.2023,Apr.19.2023,No,NA,NA,NA,0,0,0,1,1,1,0,1,0,1,0,1,1,0,1,0,0,1,1,0,0,0,1,1,NA,NA,NA,NA,NA,NA,NA,NA,NA,NA,NA,NA,NA,NA,NA,NA,NA,NA,NA,NA,NA,NA,NA,NA,NA,NA,NA,NA,NA,NA,NA,NA,NA,NA,NA,NA,NA,NA,NA,NA,NA,NA,NA
4_134,1036,4,No,Mar.28.2023,Apr.18.2023,No,NA,NA,NA,NA,0,0,0,1,1,0,1,0,1,0,0,1,1,0,1,0,0,1,1,0,0,1,NA,NA,NA,NA,NA,NA,NA,NA,NA,NA,NA,NA,NA,NA,NA,NA,NA,NA,NA,NA,NA,NA,NA,NA,NA,NA,NA,NA,NA,NA,NA,NA,NA,NA,NA,NA,NA,NA,NA,NA,NA,NA,NA,NA
1_085,1037,1,No,Mar.27.2023,Apr.20.2023,No,NA,NA,NA,0,0,0,1,0,1,1,0,1,1,0,1,0,1,1,0,1,1,0,1,0,1,0,0,1,NA,NA,NA,NA,NA,NA,NA,NA,NA,NA,NA,NA,NA,NA,NA,NA,NA,NA,NA,NA,NA,NA,NA,NA,NA,NA,NA,NA,NA,NA,NA,NA,NA,NA,NA,NA,NA,NA,NA,NA,NA,NA
1_017,1041,1,No,Mar.31.2023,May.01.2023,No,NA,NA,NA,NA,NA,NA,NA,0,0,1,0,1,1,0,1,1,0,1,1,0,1,1,0,1,0,1,0,1,0,1,0,0,1,0,0,0,0,0,1,NA,NA,NA,NA,NA,NA,NA,NA,NA,NA,NA,NA,NA,NA,NA,NA,NA,NA,NA,NA,NA,NA,NA,NA,NA,NA,NA,NA,NA,NA,NA
1_013,1042,1,No,Mar.28.2023,Apr.18.2023,No,NA,NA,NA,NA,0,0,0,1,1,1,0,1,0,1,1,0,1,2,0,0,0,1,1,0,0,1,NA,NA,NA,NA,NA,NA,NA,NA,NA,NA,NA,NA,NA,NA,NA,NA,NA,NA,NA,NA,NA,NA,NA,NA,NA,NA,NA,NA,NA,NA,NA,NA,NA,NA,NA,NA,NA,NA,NA,NA,NA,NA,NA,NA
1_062,1043,1,No,Apr.02.2023,Apr.25.2023,No,NA,NA,NA,NA,NA,NA,NA,NA,NA,0,0,0,1,1,0,1,1,0,1,1,1,0,1,0,1,0,1,0,1,0,1,0,1,NA,NA,NA,NA,NA,NA,NA,NA,NA,NA,NA,NA,NA,NA,NA,NA,NA,NA,NA,NA,NA,NA,NA,NA,NA,NA,NA,NA,NA,NA,NA,NA,NA,NA,NA,NA,NA
1_080,1044,1,No,Mar.27.2023,Apr.21.2023,No,NA,NA,NA,0,0,0,1,1,1,0,1,0,1,1,0,1,1,0,1,0,1,2,0,0,0,0,0,0,1,NA,NA,NA,NA,NA,NA,NA,NA,NA,NA,NA,NA,NA,NA,NA,NA,NA,NA,NA,NA,NA,NA,NA,NA,NA,NA,NA,NA,NA,NA,NA,NA,NA,NA,NA,NA,NA,NA,NA,NA,NA
4_030,1045,4,No,Mar.27.2023,Apr.16.2023,No,NA,NA,NA,0,0,0,1,0,1,0,1,0,1,1,0,1,0,1,0,1,0,1,0,1,NA,NA,NA,NA,NA,NA,NA,NA,NA,NA,NA,NA,NA,NA,NA,NA,NA,NA,NA,NA,NA,NA,NA,NA,NA,NA,NA,NA,NA,NA,NA,NA,NA,NA,NA,NA,NA,NA,NA,NA,NA,NA,NA,NA,NA,NA
1_168,1046,1,No,Mar.29.2023,Apr.18.2023,Yes,NA,NA,NA,NA,NA,0,0,1,0,1,1,0,1,1,0,1,1,0,1,1,0,1,0,1,0,1,NA,NA,NA,NA,NA,NA,NA,NA,NA,NA,NA,NA,NA,NA,NA,NA,NA,NA,NA,NA,NA,NA,NA,NA,NA,NA,NA,NA,NA,NA,NA,NA,NA,NA,NA,NA,NA,NA,NA,NA,NA,NA,NA,NA
4_144,1047,4,No,Mar.27.2023,Apr.24.2023,No,NA,NA,NA,0,0,0,1,0,1,0,1,0,1,0,0,1,0,1,0,1,0,1,0,1,0,0,1,0,1,0,0,1,NA,NA,NA,NA,NA,NA,NA,NA,NA,NA,NA,NA,NA,NA,NA,NA,NA,NA,NA,NA,NA,NA,NA,NA,NA,NA,NA,NA,NA,NA,NA,NA,NA,NA,NA,NA,NA,NA
4_044,1111,4,No,Mar.29.2023,Apr.25.2023,No,NA,NA,NA,NA,NA,0,0,0,1,1,0,1,0,1,0,1,0,1,0,1,0,0,1,0,1,0,1,0,0,1,0,0,1,NA,NA,NA,NA,NA,NA,NA,NA,NA,NA,NA,NA,NA,NA,NA,NA,NA,NA,NA,NA,NA,NA,NA,NA,NA,NA,NA,NA,NA,NA,NA,NA,NA,NA,NA,NA,NA
4_047,1112,4,No,Mar.29.2023,Apr.25.2023,No,NA,NA,NA,NA,NA,0,0,1,1,0,1,0,1,0,1,1,0,1,0,1,0,0,1,0,1,0,1,0,0,1,0,0,1,NA,NA,NA,NA,NA,NA,NA,NA,NA,NA,NA,NA,NA,NA,NA,NA,NA,NA,NA,NA,NA,NA,NA,NA,NA,NA,NA,NA,NA,NA,NA,NA,NA,NA,NA,NA,NA
1_025,1113,1,No,Mar.28.2023,Apr.26.2023,No,NA,NA,NA,NA,0,0,0,1,1,0,1,0,1,1,1,0,1,1,1,0,1,0,1,0,0,0,0,1,1,0,1,0,1,2,NA,NA,NA,NA,NA,NA,NA,NA,NA,NA,NA,NA,NA,NA,NA,NA,NA,NA,NA,NA,NA,NA,NA,NA,NA,NA,NA,NA,NA,NA,NA,NA,NA,NA,NA,NA
4_147,1114,4,No,Mar.30.2023,Apr.21.2023,No,NA,NA,NA,NA,NA,NA,0,0,1,0,1,0,1,0,1,1,0,1,1,0,1,0,1,0,1,0,0,1,1,NA,NA,NA,NA,NA,NA,NA,NA,NA,NA,NA,NA,NA,NA,NA,NA,NA,NA,NA,NA,NA,NA,NA,NA,NA,NA,NA,NA,NA,NA,NA,NA,NA,NA,NA,NA,NA,NA,NA,NA,NA
1_150,1115,1,No,Mar.27.2023,Apr.17.2023,No,NA,NA,NA,0,0,0,0,1,1,0,1,0,1,1,1,0,1,1,0,1,0,1,0,0,1,NA,NA,NA,NA,NA,NA,NA,NA,NA,NA,NA,NA,NA,NA,NA,NA,NA,NA,NA,NA,NA,NA,NA,NA,NA,NA,NA,NA,NA,NA,NA,NA,NA,NA,NA,NA,NA,NA,NA,NA,NA,NA,NA,NA,NA
1_019,1116,1,No,Mar.29.2023,Apr.26.2023,No,NA,NA,NA,NA,NA,0,0,0,1,1,0,1,1,1,0,1,1,0,1,1,1,0,1,0,0,0,0,1,1,0,1,1,0,2,NA,NA,NA,NA,NA,NA,NA,NA,NA,NA,NA,NA,NA,NA,NA,NA,NA,NA,NA,NA,NA,NA,NA,NA,NA,NA,NA,NA,NA,NA,NA,NA,NA,NA,NA,NA
1_069,1117,1,No,Mar.28.2023,Apr.17.2023,No,NA,NA,NA,NA,0,0,0,0,1,0,1,0,1,1,0,1,1,1,1,0,1,0,2,0,1,NA,NA,NA,NA,NA,NA,NA,NA,NA,NA,NA,NA,NA,NA,NA,NA,NA,NA,NA,NA,NA,NA,NA,NA,NA,NA,NA,NA,NA,NA,NA,NA,NA,NA,NA,NA,NA,NA,NA,NA,NA,NA,NA,NA,NA
1_126,1121,1,No,Mar.30.2023,Apr.20.2023,No,NA,NA,NA,NA,NA,NA,0,0,0,1,0,1,0,1,0,1,1,0,1,1,0,1,0,0,1,0,0,1,NA,NA,NA,NA,NA,NA,NA,NA,NA,NA,NA,NA,NA,NA,NA,NA,NA,NA,NA,NA,NA,NA,NA,NA,NA,NA,NA,NA,NA,NA,NA,NA,NA,NA,NA,NA,NA,NA,NA,NA,NA,NA
1_081,1122,1,No,Mar.28.2023,Apr.16.2023,No,NA,NA,NA,NA,0,0,0,1,1,1,0,1,0,1,1,1,1,0,1,0,1,0,1,1,NA,NA,NA,NA,NA,NA,NA,NA,NA,NA,NA,NA,NA,NA,NA,NA,NA,NA,NA,NA,NA,NA,NA,NA,NA,NA,NA,NA,NA,NA,NA,NA,NA,NA,NA,NA,NA,NA,NA,NA,NA,NA,NA,NA,NA,NA
1_060,1123,1,No,Mar.27.2023,May.02.2023,No,NA,NA,NA,0,0,0,0,1,1,0,1,1,1,0,1,1,0,1,1,1,0,1,0,1,0,1,0,1,0,0,0,0,0,0,0,0,0,0,0,1,NA,NA,NA,NA,NA,NA,NA,NA,NA,NA,NA,NA,NA,NA,NA,NA,NA,NA,NA,NA,NA,NA,NA,NA,NA,NA,NA,NA,NA,NA
1_054,1124,1,No,Mar.27.2023,Apr.28.2023,No,NA,NA,NA,0,0,1,0,1,1,0,1,1,0,1,1,1,0,1,1,0,1,1,0,1,0,1,0,0,1,0,0,0,0,0,0,1,NA,NA,NA,NA,NA,NA,NA,NA,NA,NA,NA,NA,NA,NA,NA,NA,NA,NA,NA,NA,NA,NA,NA,NA,NA,NA,NA,NA,NA,NA,NA,NA,NA,NA
1_073,1125,1,No,Mar.28.2023,Apr.19.2023,No,NA,NA,NA,NA,0,0,0,1,1,0,1,1,0,1,1,1,0,1,1,0,1,0,1,0,1,0,1,NA,NA,NA,NA,NA,NA,NA,NA,NA,NA,NA,NA,NA,NA,NA,NA,NA,NA,NA,NA,NA,NA,NA,NA,NA,NA,NA,NA,NA,NA,NA,NA,NA,NA,NA,NA,NA,NA,NA,NA,NA,NA,NA
4_054,1126,4,No,Mar.27.2023,Apr.18.2023,No,NA,NA,NA,0,0,0,0,0,1,0,1,0,1,1,0,1,0,1,1,0,1,0,1,0,0,1,NA,NA,NA,NA,NA,NA,NA,NA,NA,NA,NA,NA,NA,NA,NA,NA,NA,NA,NA,NA,NA,NA,NA,NA,NA,NA,NA,NA,NA,NA,NA,NA,NA,NA,NA,NA,NA,NA,NA,NA,NA,NA,NA,NA
1_129,1127,1,No,Apr.01.2023,Apr.27.2023,No,NA,NA,NA,NA,NA,NA,NA,NA,0,0,0,0,1,1,1,0,1,1,1,1,0,1,1,0,0,1,1,0,1,0,0,0,0,0,1,NA,NA,NA,NA,NA,NA,NA,NA,NA,NA,NA,NA,NA,NA,NA,NA,NA,NA,NA,NA,NA,NA,NA,NA,NA,NA,NA,NA,NA,NA,NA,NA,NA,NA,NA
1_094,1131,1,No,Mar.30.2023,Apr.21.2023,No,NA,NA,NA,NA,NA,NA,0,0,0,1,0,1,1,1,0,1,1,0,1,1,0,2,1,0,0,0,0,0,1,NA,NA,NA,NA,NA,NA,NA,NA,NA,NA,NA,NA,NA,NA,NA,NA,NA,NA,NA,NA,NA,NA,NA,NA,NA,NA,NA,NA,NA,NA,NA,NA,NA,NA,NA,NA,NA,NA,NA,NA,NA
4_019,1132,4,No,Mar.28.2023,Apr.23.2023,No,NA,NA,NA,NA,0,0,0,1,1,0,1,0,1,1,0,1,0,1,1,0,1,0,1,0,1,0,0,1,0,0,1,NA,NA,NA,NA,NA,NA,NA,NA,NA,NA,NA,NA,NA,NA,NA,NA,NA,NA,NA,NA,NA,NA,NA,NA,NA,NA,NA,NA,NA,NA,NA,NA,NA,NA,NA,NA,NA,NA,NA
4_108,1133,4,No,Mar.29.2023,Apr.27.2023,No,NA,NA,NA,NA,NA,0,0,1,0,1,1,0,1,1,0,1,1,0,1,0,1,0,1,1,0,0,1,0,1,0,1,0,0,0,1,NA,NA,NA,NA,NA,NA,NA,NA,NA,NA,NA,NA,NA,NA,NA,NA,NA,NA,NA,NA,NA,NA,NA,NA,NA,NA,NA,NA,NA,NA,NA,NA,NA,NA,NA
4_120,1134,4,No,Mar.28.2023,Apr.18.2023,No,NA,NA,NA,NA,0,0,0,1,1,0,1,0,1,1,0,1,1,0,1,0,1,0,1,0,0,1,NA,NA,NA,NA,NA,NA,NA,NA,NA,NA,NA,NA,NA,NA,NA,NA,NA,NA,NA,NA,NA,NA,NA,NA,NA,NA,NA,NA,NA,NA,NA,NA,NA,NA,NA,NA,NA,NA,NA,NA,NA,NA,NA,NA
4_142,1135,4,No,Mar.29.2023,Apr.23.2023,No,NA,NA,NA,NA,NA,0,0,0,1,1,0,1,1,0,1,0,1,1,0,1,0,1,0,1,0,1,0,1,0,0,1,NA,NA,NA,NA,NA,NA,NA,NA,NA,NA,NA,NA,NA,NA,NA,NA,NA,NA,NA,NA,NA,NA,NA,NA,NA,NA,NA,NA,NA,NA,NA,NA,NA,NA,NA,NA,NA,NA,NA
4_002,1136,4,No,Mar.29.2023,May.01.2023,No,NA,NA,NA,NA,NA,0,0,0,1,1,0,0,1,0,1,1,0,1,0,1,1,0,1,0,1,0,1,0,1,0,1,0,0,1,0,0,0,0,1,NA,NA,NA,NA,NA,NA,NA,NA,NA,NA,NA,NA,NA,NA,NA,NA,NA,NA,NA,NA,NA,NA,NA,NA,NA,NA,NA,NA,NA,NA,NA
1_010,1137,1,No,Mar.30.2023,Apr.22.2023,No,NA,NA,NA,NA,NA,NA,0,0,1,0,1,0,1,1,1,1,0,1,1,0,1,0,1,0,1,0,0,0,0,2,NA,NA,NA,NA,NA,NA,NA,NA,NA,NA,NA,NA,NA,NA,NA,NA,NA,NA,NA,NA,NA,NA,NA,NA,NA,NA,NA,NA,NA,NA,NA,NA,NA,NA,NA,NA,NA,NA,NA,NA
1_128,1141,1,No,Mar.28.2023,Apr.23.2023,No,NA,NA,NA,NA,0,0,0,1,1,0,1,0,1,0,1,1,0,0,1,0,1,1,1,0,0,1,0,0,0,0,1,NA,NA,NA,NA,NA,NA,NA,NA,NA,NA,NA,NA,NA,NA,NA,NA,NA,NA,NA,NA,NA,NA,NA,NA,NA,NA,NA,NA,NA,NA,NA,NA,NA,NA,NA,NA,NA,NA,NA
4_091,1142,4,No,Mar.29.2023,Apr.25.2023,No,NA,NA,NA,NA,NA,0,0,0,1,1,0,1,0,1,1,0,1,0,1,0,1,0,1,0,0,1,0,1,0,1,0,0,1,NA,NA,NA,NA,NA,NA,NA,NA,NA,NA,NA,NA,NA,NA,NA,NA,NA,NA,NA,NA,NA,NA,NA,NA,NA,NA,NA,NA,NA,NA,NA,NA,NA,NA,NA,NA,NA
1_018,1143,1,No,Mar.30.2023,Apr.26.2023,No,NA,NA,NA,NA,NA,NA,0,1,1,0,1,0,1,1,0,1,1,1,0,1,1,0,1,0,1,0,0,0,0,0,0,0,0,1,NA,NA,NA,NA,NA,NA,NA,NA,NA,NA,NA,NA,NA,NA,NA,NA,NA,NA,NA,NA,NA,NA,NA,NA,NA,NA,NA,NA,NA,NA,NA,NA,NA,NA,NA,NA
4_140,1144,4,No,Mar.29.2023,Apr.22.2023,No,NA,NA,NA,NA,NA,0,0,0,1,1,0,1,0,1,1,0,0,1,1,0,1,0,1,0,0,1,0,1,0,1,NA,NA,NA,NA,NA,NA,NA,NA,NA,NA,NA,NA,NA,NA,NA,NA,NA,NA,NA,NA,NA,NA,NA,NA,NA,NA,NA,NA,NA,NA,NA,NA,NA,NA,NA,NA,NA,NA,NA,NA
1_061,1145,1,No,Mar.27.2023,Apr.19.2023,No,NA,NA,NA,0,0,0,1,0,1,1,0,1,0,1,1,0,1,1,0,1,0,1,0,1,0,0,1,NA,NA,NA,NA,NA,NA,NA,NA,NA,NA,NA,NA,NA,NA,NA,NA,NA,NA,NA,NA,NA,NA,NA,NA,NA,NA,NA,NA,NA,NA,NA,NA,NA,NA,NA,NA,NA,NA,NA,NA,NA,NA,NA
1_049,1146,1,No,Mar.27.2023,Apr.26.2023,No,NA,NA,NA,0,0,0,1,1,1,0,1,0,1,1,1,1,0,1,1,0,1,0,1,0,1,0,0,1,0,0,0,0,0,1,NA,NA,NA,NA,NA,NA,NA,NA,NA,NA,NA,NA,NA,NA,NA,NA,NA,NA,NA,NA,NA,NA,NA,NA,NA,NA,NA,NA,NA,NA,NA,NA,NA,NA,NA,NA
4_048,1147,4,No,Mar.29.2023,Apr.26.2023,No,NA,NA,NA,NA,NA,0,0,1,1,0,1,0,1,0,1,0,1,0,1,0,1,0,1,0,0,1,0,1,0,0,1,0,0,1,NA,NA,NA,NA,NA,NA,NA,NA,NA,NA,NA,NA,NA,NA,NA,NA,NA,NA,NA,NA,NA,NA,NA,NA,NA,NA,NA,NA,NA,NA,NA,NA,NA,NA,NA,NA
4_040,1211,4,No,Mar.30.2023,Apr.29.2023,No,NA,NA,NA,NA,NA,NA,0,0,1,0,0,1,1,0,1,1,0,1,0,1,0,1,0,1,0,1,0,0,1,0,1,0,1,0,0,0,1,NA,NA,NA,NA,NA,NA,NA,NA,NA,NA,NA,NA,NA,NA,NA,NA,NA,NA,NA,NA,NA,NA,NA,NA,NA,NA,NA,NA,NA,NA,NA,NA,NA
4_112,1212,4,No,Mar.29.2023,Apr.23.2023,No,NA,NA,NA,NA,NA,0,0,1,0,1,0,1,1,0,1,0,1,0,1,0,1,1,0,1,0,1,0,0,1,0,1,NA,NA,NA,NA,NA,NA,NA,NA,NA,NA,NA,NA,NA,NA,NA,NA,NA,NA,NA,NA,NA,NA,NA,NA,NA,NA,NA,NA,NA,NA,NA,NA,NA,NA,NA,NA,NA,NA,NA
4_113,1213,4,No,Mar.30.2023,Apr.28.2023,No,NA,NA,NA,NA,NA,NA,0,0,1,0,0,1,1,1,0,1,1,0,1,0,1,1,0,0,1,1,0,0,1,0,0,0,1,0,1,2,NA,NA,NA,NA,NA,NA,NA,NA,NA,NA,NA,NA,NA,NA,NA,NA,NA,NA,NA,NA,NA,NA,NA,NA,NA,NA,NA,NA,NA,NA,NA,NA,NA,NA
1_065,1214,1,No,Mar.28.2023,Apr.27.2023,No,NA,NA,NA,NA,0,0,0,1,1,0,1,0,1,1,1,0,1,0,1,1,1,0,1,0,1,1,1,0,1,0,2,0,0,0,1,NA,NA,NA,NA,NA,NA,NA,NA,NA,NA,NA,NA,NA,NA,NA,NA,NA,NA,NA,NA,NA,NA,NA,NA,NA,NA,NA,NA,NA,NA,NA,NA,NA,NA,NA
1_009,1215,1,No,Mar.30.2023,Apr.18.2023,No,NA,NA,NA,NA,NA,NA,0,0,0,1,0,1,1,1,1,0,1,1,1,0,2,1,0,1,0,1,NA,NA,NA,NA,NA,NA,NA,NA,NA,NA,NA,NA,NA,NA,NA,NA,NA,NA,NA,NA,NA,NA,NA,NA,NA,NA,NA,NA,NA,NA,NA,NA,NA,NA,NA,NA,NA,NA,NA,NA,NA,NA,NA,NA
1_088,1216,1,No,Mar.27.2023,Apr.13.2023,Yes,NA,NA,NA,0,0,0,1,1,0,1,1,0,1,1,1,0,1,1,1,0,1,NA,NA,NA,NA,NA,NA,NA,NA,NA,NA,NA,NA,NA,NA,NA,NA,NA,NA,NA,NA,NA,NA,NA,NA,NA,NA,NA,NA,NA,NA,NA,NA,NA,NA,NA,NA,NA,NA,NA,NA,NA,NA,NA,NA,NA,NA,NA,NA,NA
4_148,1217,4,No,Mar.28.2023,Apr.30.2023,No,NA,NA,NA,NA,0,0,0,1,1,0,0,1,1,0,1,0,1,0,1,0,1,0,1,0,1,0,1,0,0,1,0,1,0,0,0,0,0,1,NA,NA,NA,NA,NA,NA,NA,NA,NA,NA,NA,NA,NA,NA,NA,NA,NA,NA,NA,NA,NA,NA,NA,NA,NA,NA,NA,NA,NA,NA,NA,NA
4_100,1221,4,No,Mar.31.2023,Apr.27.2023,No,NA,NA,NA,NA,NA,NA,NA,0,0,0,1,0,1,1,0,1,1,0,1,0,1,1,0,0,1,0,1,0,1,0,1,0,0,1,1,NA,NA,NA,NA,NA,NA,NA,NA,NA,NA,NA,NA,NA,NA,NA,NA,NA,NA,NA,NA,NA,NA,NA,NA,NA,NA,NA,NA,NA,NA,NA,NA,NA,NA,NA
4_068,1222,4,No,Mar.28.2023,Apr.20.2023,No,NA,NA,NA,NA,0,0,0,1,1,0,1,1,0,1,1,0,1,0,1,0,1,1,0,0,1,0,0,1,NA,NA,NA,NA,NA,NA,NA,NA,NA,NA,NA,NA,NA,NA,NA,NA,NA,NA,NA,NA,NA,NA,NA,NA,NA,NA,NA,NA,NA,NA,NA,NA,NA,NA,NA,NA,NA,NA,NA,NA,NA,NA
1_048,1223,1,No,Mar.28.2023,Apr.22.2023,No,NA,NA,NA,NA,0,0,1,1,1,0,1,0,1,1,1,1,0,1,0,1,2,0,0,0,1,0,0,0,0,1,NA,NA,NA,NA,NA,NA,NA,NA,NA,NA,NA,NA,NA,NA,NA,NA,NA,NA,NA,NA,NA,NA,NA,NA,NA,NA,NA,NA,NA,NA,NA,NA,NA,NA,NA,NA,NA,NA,NA,NA
4_035,1224,4,No,Mar.30.2023,May.10.2023,No,NA,NA,NA,NA,NA,NA,0,0,0,1,0,1,0,1,1,0,1,0,1,1,0,1,0,1,0,1,0,1,0,1,0,1,0,0,0,0,0,0,0,0,0,0,0,0,0,0,0,1,NA,NA,NA,NA,NA,NA,NA,NA,NA,NA,NA,NA,NA,NA,NA,NA,NA,NA,NA,NA,NA,NA
4_150,1225,4,No,Mar.27.2023,May.10.2023,Yes,NA,NA,NA,0,0,1,0,1,1,0,1,0,1,1,1,0,1,0,1,0,1,1,0,0,1,0,0,0,0,0,1,0,1,0,1,0,1,0,1,0,1,0,1,0,1,0,0,1,NA,NA,NA,NA,NA,NA,NA,NA,NA,NA,NA,NA,NA,NA,NA,NA,NA,NA,NA,NA,NA,NA
4_160,1226,4,No,Mar.28.2023,Apr.21.2023,No,NA,NA,NA,NA,0,0,1,1,1,0,1,0,1,1,0,1,0,1,0,0,1,1,0,1,0,0,0,0,2,NA,NA,NA,NA,NA,NA,NA,NA,NA,NA,NA,NA,NA,NA,NA,NA,NA,NA,NA,NA,NA,NA,NA,NA,NA,NA,NA,NA,NA,NA,NA,NA,NA,NA,NA,NA,NA,NA,NA,NA,NA
4_146,1227,4,No,Mar.30.2023,Apr.25.2023,No,NA,NA,NA,NA,NA,NA,0,0,1,0,0,1,0,1,0,1,1,0,0,1,0,1,0,1,0,1,0,1,0,0,1,0,1,NA,NA,NA,NA,NA,NA,NA,NA,NA,NA,NA,NA,NA,NA,NA,NA,NA,NA,NA,NA,NA,NA,NA,NA,NA,NA,NA,NA,NA,NA,NA,NA,NA,NA,NA,NA,NA
4_162,1231,4,No,Mar.30.2023,Apr.24.2023,No,NA,NA,NA,NA,NA,NA,0,0,0,1,0,0,1,0,0,1,0,0,0,1,0,0,0,0,1,0,1,0,1,0,0,1,NA,NA,NA,NA,NA,NA,NA,NA,NA,NA,NA,NA,NA,NA,NA,NA,NA,NA,NA,NA,NA,NA,NA,NA,NA,NA,NA,NA,NA,NA,NA,NA,NA,NA,NA,NA,NA,NA
4_084,1232,4,No,Mar.27.2023,Apr.20.2023,No,NA,NA,NA,0,0,0,1,0,1,1,0,1,0,1,1,0,1,0,1,1,0,1,0,0,1,0,0,1,NA,NA,NA,NA,NA,NA,NA,NA,NA,NA,NA,NA,NA,NA,NA,NA,NA,NA,NA,NA,NA,NA,NA,NA,NA,NA,NA,NA,NA,NA,NA,NA,NA,NA,NA,NA,NA,NA,NA,NA,NA,NA
4_151,1233,4,No,Mar.26.2023,Apr.23.2023,No,NA,NA,0,0,0,1,0,1,1,0,1,1,0,1,1,0,1,0,1,0,1,0,1,0,1,0,1,0,0,0,1,NA,NA,NA,NA,NA,NA,NA,NA,NA,NA,NA,NA,NA,NA,NA,NA,NA,NA,NA,NA,NA,NA,NA,NA,NA,NA,NA,NA,NA,NA,NA,NA,NA,NA,NA,NA,NA,NA,NA
4_015,1234,4,No,Mar.31.2023,Apr.23.2023,No,NA,NA,NA,NA,NA,NA,NA,0,0,1,0,1,1,1,0,1,0,1,0,1,1,1,0,0,1,0,1,0,1,0,1,NA,NA,NA,NA,NA,NA,NA,NA,NA,NA,NA,NA,NA,NA,NA,NA,NA,NA,NA,NA,NA,NA,NA,NA,NA,NA,NA,NA,NA,NA,NA,NA,NA,NA,NA,NA,NA,NA,NA
1_120,1235,1,No,Mar.29.2023,Apr.23.2023,No,NA,NA,NA,NA,NA,0,0,0,1,1,0,1,1,1,0,1,1,0,1,1,0,1,1,0,1,0,1,0,1,0,1,NA,NA,NA,NA,NA,NA,NA,NA,NA,NA,NA,NA,NA,NA,NA,NA,NA,NA,NA,NA,NA,NA,NA,NA,NA,NA,NA,NA,NA,NA,NA,NA,NA,NA,NA,NA,NA,NA,NA
4_024,1236,4,No,Mar.28.2023,Apr.26.2023,No,NA,NA,NA,NA,0,0,1,0,1,1,0,1,0,1,0,1,1,0,0,1,1,0,1,0,0,1,0,1,0,1,0,0,0,1,NA,NA,NA,NA,NA,NA,NA,NA,NA,NA,NA,NA,NA,NA,NA,NA,NA,NA,NA,NA,NA,NA,NA,NA,NA,NA,NA,NA,NA,NA,NA,NA,NA,NA,NA,NA
1_122,1237,1,No,Mar.29.2023,Apr.17.2023,No,NA,NA,NA,NA,NA,0,0,0,1,0,1,1,1,1,0,1,1,0,1,1,0,1,0,1,1,NA,NA,NA,NA,NA,NA,NA,NA,NA,NA,NA,NA,NA,NA,NA,NA,NA,NA,NA,NA,NA,NA,NA,NA,NA,NA,NA,NA,NA,NA,NA,NA,NA,NA,NA,NA,NA,NA,NA,NA,NA,NA,NA,NA,NA
1_077,1241,1,No,Mar.29.2023,Apr.26.2023,No,NA,NA,NA,NA,NA,0,1,0,0,1,0,1,1,1,0,1,1,0,1,1,2,0,0,0,0,1,1,0,0,0,0,0,0,1,NA,NA,NA,NA,NA,NA,NA,NA,NA,NA,NA,NA,NA,NA,NA,NA,NA,NA,NA,NA,NA,NA,NA,NA,NA,NA,NA,NA,NA,NA,NA,NA,NA,NA,NA,NA
1_086,1242,1,No,Mar.29.2023,Apr.23.2023,No,NA,NA,NA,NA,NA,0,1,0,1,0,1,1,0,1,1,1,0,1,1,0,1,0,1,0,0,0,0,0,0,1,1,NA,NA,NA,NA,NA,NA,NA,NA,NA,NA,NA,NA,NA,NA,NA,NA,NA,NA,NA,NA,NA,NA,NA,NA,NA,NA,NA,NA,NA,NA,NA,NA,NA,NA,NA,NA,NA,NA,NA
1_031,1243,1,No,Mar.28.2023,Apr.15.2023,No,NA,NA,NA,NA,0,0,0,1,1,0,1,1,0,1,1,1,0,1,1,0,1,0,1,NA,NA,NA,NA,NA,NA,NA,NA,NA,NA,NA,NA,NA,NA,NA,NA,NA,NA,NA,NA,NA,NA,NA,NA,NA,NA,NA,NA,NA,NA,NA,NA,NA,NA,NA,NA,NA,NA,NA,NA,NA,NA,NA,NA,NA,NA,NA
1_033,1244,1,No,Mar.31.2023,May.05.2023,No,NA,NA,NA,NA,NA,NA,NA,0,0,1,0,1,1,1,0,1,1,0,1,1,1,1,0,0,1,0,1,0,0,1,0,0,1,0,0,0,0,0,0,0,0,0,1,NA,NA,NA,NA,NA,NA,NA,NA,NA,NA,NA,NA,NA,NA,NA,NA,NA,NA,NA,NA,NA,NA,NA,NA,NA,NA,NA
1_145,1245,1,No,Mar.27.2023,Apr.16.2023,No,NA,NA,NA,0,0,1,1,0,1,1,0,2,0,1,0,1,1,0,1,1,0,1,0,1,NA,NA,NA,NA,NA,NA,NA,NA,NA,NA,NA,NA,NA,NA,NA,NA,NA,NA,NA,NA,NA,NA,NA,NA,NA,NA,NA,NA,NA,NA,NA,NA,NA,NA,NA,NA,NA,NA,NA,NA,NA,NA,NA,NA,NA,NA
4_063,1246,4,No,Mar.27.2023,May.08.2023,No,NA,NA,NA,0,0,0,1,1,0,1,0,1,1,0,1,0,1,0,0,0,1,0,1,0,1,0,0,0,0,0,1,0,1,0,0,1,1,0,1,0,1,0,1,0,0,2,NA,NA,NA,NA,NA,NA,NA,NA,NA,NA,NA,NA,NA,NA,NA,NA,NA,NA,NA,NA,NA,NA,NA,NA
1_112,1247,1,No,Mar.28.2023,Apr.04.2023,Yes,NA,NA,NA,NA,0,0,0,1,1,0,1,1,NA,NA,NA,NA,NA,NA,NA,NA,NA,NA,NA,NA,NA,NA,NA,NA,NA,NA,NA,NA,NA,NA,NA,NA,NA,NA,NA,NA,NA,NA,NA,NA,NA,NA,NA,NA,NA,NA,NA,NA,NA,NA,NA,NA,NA,NA,NA,NA,NA,NA,NA,NA,NA,NA,NA,NA,NA,NA
